# Blender 4.1.1
# www.blender.org
o Cube.002
v 5.142705 0.574385 -16.477186
v 5.142978 0.574385 -16.477213
v 5.143241 0.574385 -16.477293
v 5.143483 0.574385 -16.477423
v 5.143695 0.574385 -16.477596
v 5.143869 0.574385 -16.477808
v 5.143998 0.574385 -16.478050
v 5.144078 0.574385 -16.478313
v 5.144105 0.574385 -16.478586
v 5.144078 0.574385 -16.478859
v 5.143998 0.574385 -16.479122
v 5.143869 0.574385 -16.479364
v 5.143695 0.574385 -16.479576
v 5.143483 0.574385 -16.479750
v 5.143241 0.574385 -16.479879
v 5.142978 0.574385 -16.479959
v 5.142705 0.574385 -16.479986
v 5.142432 0.574385 -16.479959
v 5.142169 0.574385 -16.479879
v 5.141927 0.574385 -16.479750
v 5.141715 0.574385 -16.479576
v 5.141541 0.574385 -16.479364
v 5.141411 0.574385 -16.479122
v 5.141332 0.574385 -16.478859
v 5.141305 0.574385 -16.478586
v 5.141332 0.574385 -16.478313
v 5.141411 0.574385 -16.478050
v 5.141541 0.574385 -16.477808
v 5.141715 0.574385 -16.477596
v 5.141927 0.574385 -16.477423
v 5.142169 0.574385 -16.477293
v 5.142432 0.574385 -16.477213
v 5.194775 0.574385 -16.482267
v 5.195048 0.574385 -16.482294
v 5.195311 0.574385 -16.482374
v 5.195553 0.574385 -16.482504
v 5.195765 0.574385 -16.482677
v 5.195939 0.574385 -16.482889
v 5.196068 0.574385 -16.483131
v 5.196148 0.574385 -16.483395
v 5.196175 0.574385 -16.483667
v 5.196148 0.574385 -16.483940
v 5.196068 0.574385 -16.484203
v 5.195939 0.574385 -16.484446
v 5.195765 0.574385 -16.484657
v 5.195553 0.574385 -16.484831
v 5.195311 0.574385 -16.484961
v 5.195048 0.574385 -16.485041
v 5.194775 0.574385 -16.485067
v 5.194502 0.574385 -16.485041
v 5.194239 0.574385 -16.484961
v 5.193997 0.574385 -16.484831
v 5.193785 0.574385 -16.484657
v 5.193611 0.574385 -16.484446
v 5.193481 0.574385 -16.484203
v 5.193402 0.574385 -16.483940
v 5.193375 0.574385 -16.483667
v 5.193402 0.574385 -16.483395
v 5.193481 0.574385 -16.483131
v 5.193611 0.574385 -16.482889
v 5.193785 0.574385 -16.482677
v 5.193997 0.574385 -16.482504
v 5.194239 0.574385 -16.482374
v 5.194502 0.574385 -16.482294
v 5.194775 0.574385 -16.510206
v 5.195048 0.574385 -16.510233
v 5.195311 0.574385 -16.510313
v 5.195553 0.574385 -16.510443
v 5.195765 0.574385 -16.510616
v 5.195939 0.574385 -16.510830
v 5.196068 0.574385 -16.511070
v 5.196148 0.574385 -16.511333
v 5.196175 0.574385 -16.511606
v 5.196148 0.574385 -16.511881
v 5.196068 0.574385 -16.512142
v 5.195939 0.574385 -16.512384
v 5.195765 0.574385 -16.512596
v 5.195553 0.574385 -16.512772
v 5.195311 0.574385 -16.512899
v 5.195048 0.574385 -16.512980
v 5.194775 0.574385 -16.513006
v 5.194502 0.574385 -16.512980
v 5.194239 0.574385 -16.512899
v 5.193997 0.574385 -16.512772
v 5.193785 0.574385 -16.512596
v 5.193611 0.574385 -16.512384
v 5.193481 0.574385 -16.512142
v 5.193402 0.574385 -16.511881
v 5.193375 0.574385 -16.511606
v 5.193402 0.574385 -16.511333
v 5.193481 0.574385 -16.511070
v 5.193611 0.574385 -16.510830
v 5.193785 0.574385 -16.510616
v 5.193997 0.574385 -16.510443
v 5.194239 0.574385 -16.510313
v 5.194502 0.574385 -16.510233
v 5.143975 0.574385 -16.525448
v 5.144248 0.574385 -16.525475
v 5.144511 0.574385 -16.525553
v 5.144753 0.574385 -16.525682
v 5.144965 0.574385 -16.525856
v 5.145139 0.574385 -16.526070
v 5.145268 0.574385 -16.526312
v 5.145348 0.574385 -16.526573
v 5.145375 0.574385 -16.526848
v 5.145348 0.574385 -16.527121
v 5.145268 0.574385 -16.527382
v 5.145139 0.574385 -16.527624
v 5.144965 0.574385 -16.527838
v 5.144753 0.574385 -16.528011
v 5.144511 0.574385 -16.528141
v 5.144248 0.574385 -16.528219
v 5.143975 0.574385 -16.528248
v 5.143702 0.574385 -16.528219
v 5.143439 0.574385 -16.528141
v 5.143197 0.574385 -16.528011
v 5.142985 0.574385 -16.527838
v 5.142811 0.574385 -16.527624
v 5.142682 0.574385 -16.527382
v 5.142602 0.574385 -16.527121
v 5.142575 0.574385 -16.526848
v 5.142602 0.574385 -16.526573
v 5.142682 0.574385 -16.526312
v 5.142811 0.574385 -16.526070
v 5.142985 0.574385 -16.525856
v 5.143197 0.574385 -16.525682
v 5.143439 0.574385 -16.525553
v 5.143702 0.574385 -16.525475
v 5.153336 0.567727 -16.460058
v 5.175368 0.567727 -16.460058
v 5.153336 0.567727 -16.471481
v 5.175368 0.567727 -16.471481
v 5.158473 0.562883 -16.517607
v 5.158473 0.562883 -16.491705
v 5.204421 0.565765 -16.540426
v 5.209152 0.565765 -16.534670
v 5.204421 0.562618 -16.534670
v 5.206783 0.565765 -16.539658
v 5.204421 0.564194 -16.539658
v 5.206683 0.564260 -16.538910
v 5.208519 0.564194 -16.534670
v 5.208519 0.565765 -16.537544
v 5.207906 0.564260 -16.537422
v 5.204421 0.563039 -16.537544
v 5.206783 0.563039 -16.534670
v 5.206683 0.563447 -16.537422
v 5.204421 0.562618 -16.491705
v 5.209152 0.565765 -16.491705
v 5.206786 0.563040 -16.491705
v 5.208518 0.564192 -16.491705
v 5.209152 0.565765 -16.517607
v 5.204421 0.562618 -16.517607
v 5.208518 0.564192 -16.517607
v 5.206786 0.563040 -16.517607
v 5.158473 0.562883 -16.478754
v 5.204421 0.562618 -16.478754
v 5.206786 0.563040 -16.478754
v 5.208518 0.564192 -16.478754
v 5.209152 0.565765 -16.478754
v 5.158473 0.565557 -16.540411
v 5.158473 0.562883 -16.535049
v 5.158473 0.564088 -16.539698
v 5.158473 0.562883 -16.537735
v 5.209152 0.572873 -16.534670
v 5.208519 0.572873 -16.537544
v 5.206783 0.572873 -16.539658
v 5.209152 0.572873 -16.517607
v 5.209152 0.572873 -16.491705
v 5.209152 0.572873 -16.478754
v 5.173930 0.576446 -16.548111
v 5.183558 0.576446 -16.548111
v 5.209152 0.576446 -16.534670
v 5.208519 0.576446 -16.537544
v 5.206783 0.576446 -16.539658
v 5.204421 0.576446 -16.540426
v 5.209152 0.576426 -16.517607
v 5.209152 0.576426 -16.491705
v 5.209152 0.576426 -16.478754
v 5.200217 0.576446 -16.547874
v 5.158473 0.576446 -16.548111
v 5.167678 0.564025 -16.514044
v 5.167678 0.564025 -16.490517
v 5.158473 0.564025 -16.514044
v 5.158473 0.564025 -16.490517
v 5.200206 0.566763 -16.534769
v 5.204503 0.566763 -16.529539
v 5.200206 0.564025 -16.529539
v 5.202352 0.566763 -16.534071
v 5.200206 0.565336 -16.534071
v 5.202261 0.565396 -16.533392
v 5.203928 0.565336 -16.529539
v 5.203928 0.566763 -16.532150
v 5.203371 0.565396 -16.532040
v 5.200206 0.564286 -16.532150
v 5.202352 0.564286 -16.529539
v 5.202261 0.564657 -16.532040
v 5.186090 0.566763 -16.534769
v 5.186090 0.565334 -16.534067
v 5.185982 0.564287 -16.532154
v 5.200206 0.564025 -16.490517
v 5.204503 0.566763 -16.490517
v 5.202354 0.564288 -16.490517
v 5.203927 0.565334 -16.490517
v 5.204503 0.566763 -16.514044
v 5.200206 0.564025 -16.514044
v 5.203927 0.565334 -16.514044
v 5.202354 0.564288 -16.514044
v 5.167678 0.564025 -16.478754
v 5.158473 0.564025 -16.478754
v 5.200206 0.564025 -16.478754
v 5.202354 0.564288 -16.478754
v 5.203927 0.565334 -16.478754
v 5.204503 0.566763 -16.478754
v 5.185739 0.564025 -16.514044
v 5.185739 0.564025 -16.490517
v 5.185739 0.564025 -16.529539
v 5.185739 0.564025 -16.478754
v 5.167678 0.564025 -16.529886
v 5.167678 0.566574 -16.534740
v 5.167678 0.564145 -16.532324
v 5.167678 0.565239 -16.534101
v 5.158473 0.566574 -16.534756
v 5.158473 0.564025 -16.529886
v 5.158473 0.565239 -16.534107
v 5.158473 0.564145 -16.532326
v 5.172512 0.573219 -16.535450
v 5.181257 0.573219 -16.535450
v 5.204503 0.573219 -16.529539
v 5.203928 0.573219 -16.532150
v 5.202352 0.573219 -16.534071
v 5.200206 0.573219 -16.534769
v 5.204503 0.573219 -16.514044
v 5.186090 0.573219 -16.534769
v 5.204503 0.573219 -16.490517
v 5.204503 0.573219 -16.478754
v 5.158473 0.573109 -16.534721
v 5.167678 0.573080 -16.534676
v 5.196388 0.573219 -16.535255
v 5.158473 0.573219 -16.535450
v 5.204503 0.576446 -16.514044
v 5.204503 0.576446 -16.490517
v 5.204503 0.576446 -16.478754
v 5.169030 0.562753 -16.517607
v 5.168102 0.562883 -16.517607
v 5.168583 0.562845 -16.517607
v 5.184056 0.561369 -16.491705
v 5.183083 0.561237 -16.491705
v 5.183578 0.561276 -16.491705
v 5.183083 0.561237 -16.517607
v 5.184056 0.561369 -16.517607
v 5.183578 0.561276 -16.517607
v 5.174437 0.561237 -16.517607
v 5.173478 0.561377 -16.517607
v 5.173945 0.561278 -16.517607
v 5.183052 0.565917 -16.548111
v 5.183906 0.565905 -16.547609
v 5.183512 0.565913 -16.547964
v 5.174437 0.561237 -16.540400
v 5.173479 0.561377 -16.540173
v 5.173946 0.561278 -16.540333
v 5.173579 0.565907 -16.547602
v 5.174437 0.565917 -16.548111
v 5.173975 0.565914 -16.547962
v 5.169034 0.562752 -16.491705
v 5.168102 0.562883 -16.491705
v 5.168584 0.562845 -16.491705
v 5.174437 0.561237 -16.491705
v 5.173477 0.561377 -16.491705
v 5.173945 0.561278 -16.491705
v 5.188550 0.565775 -16.540903
v 5.189387 0.565765 -16.540426
v 5.188931 0.565768 -16.540565
v 5.184020 0.561381 -16.540165
v 5.183083 0.561239 -16.540417
v 5.183567 0.561281 -16.540344
v 5.189387 0.564192 -16.539654
v 5.188463 0.564177 -16.540071
v 5.188907 0.564187 -16.539776
v 5.189268 0.563040 -16.537546
v 5.188309 0.562882 -16.537798
v 5.188776 0.562993 -16.537621
v 5.168102 0.562883 -16.478754
v 5.169035 0.562751 -16.478754
v 5.168585 0.562845 -16.478754
v 5.183083 0.561237 -16.478754
v 5.184056 0.561369 -16.478754
v 5.183578 0.561276 -16.478754
v 5.173477 0.561377 -16.478754
v 5.174437 0.561237 -16.478754
v 5.173945 0.561278 -16.478754
v 5.188055 0.562495 -16.517607
v 5.189000 0.562618 -16.517607
v 5.188513 0.562582 -16.517607
v 5.189000 0.562618 -16.491705
v 5.188052 0.562494 -16.491705
v 5.188512 0.562582 -16.491705
v 5.189000 0.562618 -16.534670
v 5.188060 0.562497 -16.535175
v 5.188514 0.562582 -16.534817
v 5.188051 0.562494 -16.478754
v 5.189000 0.562618 -16.478754
v 5.188511 0.562582 -16.478754
v 5.169023 0.562755 -16.535465
v 5.168102 0.562883 -16.535049
v 5.168581 0.562846 -16.535172
v 5.168102 0.565557 -16.540396
v 5.168991 0.565583 -16.540951
v 5.168572 0.565565 -16.540558
v 5.168102 0.562883 -16.537733
v 5.169012 0.562758 -16.537935
v 5.168578 0.562847 -16.537792
v 5.168102 0.564088 -16.539690
v 5.168997 0.564221 -16.540306
v 5.168574 0.564127 -16.539871
v 5.173605 0.572526 -16.547638
v 5.172850 0.572861 -16.547495
v 5.174437 0.573210 -16.548111
v 5.173306 0.572762 -16.547482
v 5.173710 0.572867 -16.547863
v 5.173643 0.572968 -16.547932
v 5.173983 0.572868 -16.547972
v 5.183052 0.573210 -16.548119
v 5.184659 0.572873 -16.547480
v 5.183885 0.572536 -16.547640
v 5.183857 0.572971 -16.547926
v 5.183784 0.572873 -16.547861
v 5.184192 0.572774 -16.547478
v 5.183506 0.572873 -16.547976
v 5.203458 0.572873 -16.541042
v 5.204421 0.572873 -16.540426
v 5.203939 0.572873 -16.540733
v 5.189387 0.572536 -16.540426
v 5.188550 0.572536 -16.540903
v 5.189116 0.572873 -16.541042
v 5.188932 0.572536 -16.540565
v 5.188961 0.572730 -16.540640
v 5.188752 0.572774 -16.540890
v 5.189251 0.572774 -16.540606
v 5.158473 0.572762 -16.540991
v 5.158473 0.572415 -16.540377
v 5.158473 0.572657 -16.540556
v 5.168102 0.572385 -16.540329
v 5.168371 0.572735 -16.540939
v 5.168986 0.572394 -16.540880
v 5.168237 0.572627 -16.540506
v 5.168537 0.572584 -16.540554
v 5.168758 0.572632 -16.540825
v 5.168570 0.572389 -16.540489
v 5.199948 0.572873 -16.547260
v 5.200217 0.573210 -16.547874
v 5.200139 0.572971 -16.547695
v 5.158473 0.573210 -16.548111
v 5.158473 0.572863 -16.547495
v 5.158473 0.572969 -16.547932
v 5.172512 0.576446 -16.535450
v 5.172512 0.576446 -16.542366
v 5.172512 0.576446 -16.541929
v 5.181261 0.576446 -16.542366
v 5.181257 0.576446 -16.535450
v 5.181259 0.576446 -16.541929
v 5.204925 0.576446 -16.530006
v 5.204503 0.576446 -16.529539
v 5.204503 0.576446 -16.528923
v 5.204714 0.576446 -16.529774
v 5.204383 0.576446 -16.532471
v 5.203928 0.576446 -16.532150
v 5.204062 0.576446 -16.532244
v 5.202646 0.576446 -16.534584
v 5.202352 0.576446 -16.534071
v 5.202438 0.576446 -16.534220
v 5.200206 0.576446 -16.534769
v 5.200571 0.576446 -16.535257
v 5.200313 0.576446 -16.534912
v 5.196388 0.576446 -16.535255
v 5.196682 0.576446 -16.542147
v 5.196474 0.576446 -16.541712
v 5.158473 0.576446 -16.541750
v 5.158473 0.576446 -16.535450
v 5.112524 0.565765 -16.540426
v 5.107793 0.565765 -16.534670
v 5.112524 0.562618 -16.534670
v 5.110162 0.565765 -16.539658
v 5.112524 0.564194 -16.539658
v 5.110262 0.564260 -16.538910
v 5.108426 0.564194 -16.534670
v 5.108426 0.565765 -16.537544
v 5.109039 0.564260 -16.537422
v 5.112524 0.563039 -16.537544
v 5.110162 0.563039 -16.534670
v 5.110262 0.563447 -16.537422
v 5.112524 0.562618 -16.491705
v 5.107793 0.565765 -16.491705
v 5.110159 0.563040 -16.491705
v 5.108428 0.564192 -16.491705
v 5.107793 0.565765 -16.517607
v 5.112524 0.562618 -16.517607
v 5.108428 0.564192 -16.517607
v 5.110159 0.563040 -16.517607
v 5.112524 0.562618 -16.478754
v 5.110159 0.563040 -16.478754
v 5.108428 0.564192 -16.478754
v 5.107793 0.565765 -16.478754
v 5.107793 0.572873 -16.534670
v 5.108426 0.572873 -16.537544
v 5.110162 0.572873 -16.539658
v 5.107793 0.572873 -16.491705
v 5.107793 0.572873 -16.478754
v 5.143015 0.576446 -16.548111
v 5.133387 0.576446 -16.548111
v 5.107793 0.576446 -16.534670
v 5.108426 0.576446 -16.537544
v 5.110162 0.576446 -16.539658
v 5.112524 0.576446 -16.540426
v 5.107793 0.576426 -16.491705
v 5.107793 0.576426 -16.478754
v 5.116728 0.576446 -16.547874
v 5.149267 0.564025 -16.514044
v 5.149267 0.564025 -16.490517
v 5.116739 0.566763 -16.534769
v 5.112442 0.566763 -16.529539
v 5.116739 0.564025 -16.529539
v 5.114594 0.566763 -16.534071
v 5.116739 0.565336 -16.534071
v 5.114684 0.565396 -16.533392
v 5.113017 0.565336 -16.529539
v 5.113017 0.566763 -16.532150
v 5.113574 0.565396 -16.532040
v 5.116739 0.564286 -16.532150
v 5.114594 0.564286 -16.529539
v 5.114684 0.564657 -16.532040
v 5.130855 0.566763 -16.534769
v 5.130855 0.565334 -16.534067
v 5.130963 0.564287 -16.532154
v 5.116739 0.564025 -16.490517
v 5.112442 0.566763 -16.490517
v 5.114591 0.564288 -16.490517
v 5.113018 0.565334 -16.490517
v 5.116739 0.564025 -16.514044
v 5.113018 0.565334 -16.514044
v 5.114591 0.564288 -16.514044
v 5.149267 0.564025 -16.478754
v 5.116739 0.564025 -16.478754
v 5.114591 0.564288 -16.478754
v 5.113018 0.565334 -16.478754
v 5.112442 0.566763 -16.478754
v 5.131207 0.564025 -16.514044
v 5.131207 0.564025 -16.490517
v 5.131207 0.564025 -16.529539
v 5.131207 0.564025 -16.478754
v 5.149267 0.564025 -16.529886
v 5.149267 0.566574 -16.534740
v 5.149267 0.564145 -16.532324
v 5.149267 0.565239 -16.534101
v 5.144433 0.573219 -16.535450
v 5.135688 0.573219 -16.535450
v 5.112442 0.573219 -16.529539
v 5.113017 0.573219 -16.532150
v 5.114594 0.573219 -16.534071
v 5.116739 0.573219 -16.534769
v 5.130855 0.573219 -16.534769
v 5.112442 0.573219 -16.490517
v 5.112442 0.573219 -16.478754
v 5.149267 0.573080 -16.534676
v 5.120557 0.573219 -16.535255
v 5.112442 0.576446 -16.490517
v 5.112442 0.576446 -16.478754
v 5.147915 0.562753 -16.517607
v 5.148843 0.562883 -16.517607
v 5.148362 0.562845 -16.517607
v 5.132889 0.561369 -16.491705
v 5.133862 0.561237 -16.491705
v 5.133368 0.561276 -16.491705
v 5.133862 0.561237 -16.517607
v 5.132889 0.561369 -16.517607
v 5.133368 0.561276 -16.517607
v 5.142509 0.561237 -16.517607
v 5.143467 0.561377 -16.517607
v 5.143000 0.561278 -16.517607
v 5.133893 0.565917 -16.548111
v 5.133039 0.565905 -16.547609
v 5.133433 0.565913 -16.547964
v 5.142509 0.561237 -16.540400
v 5.143466 0.561377 -16.540173
v 5.142999 0.561278 -16.540333
v 5.143366 0.565907 -16.547602
v 5.142509 0.565917 -16.548111
v 5.142970 0.565914 -16.547962
v 5.147912 0.562752 -16.491705
v 5.148843 0.562883 -16.491705
v 5.148361 0.562845 -16.491705
v 5.142509 0.561237 -16.491705
v 5.143468 0.561377 -16.491705
v 5.143000 0.561278 -16.491705
v 5.128396 0.565775 -16.540903
v 5.127558 0.565765 -16.540426
v 5.128014 0.565768 -16.540565
v 5.132926 0.561381 -16.540165
v 5.133862 0.561239 -16.540417
v 5.133378 0.561281 -16.540344
v 5.127558 0.564192 -16.539654
v 5.128482 0.564177 -16.540071
v 5.128038 0.564187 -16.539776
v 5.127677 0.563040 -16.537546
v 5.128636 0.562882 -16.537798
v 5.128169 0.562993 -16.537621
v 5.148843 0.562883 -16.478754
v 5.147910 0.562751 -16.478754
v 5.148360 0.562845 -16.478754
v 5.133862 0.561237 -16.478754
v 5.132889 0.561369 -16.478754
v 5.133368 0.561276 -16.478754
v 5.143468 0.561377 -16.478754
v 5.142509 0.561237 -16.478754
v 5.143000 0.561278 -16.478754
v 5.128890 0.562495 -16.517607
v 5.127945 0.562618 -16.517607
v 5.128432 0.562582 -16.517607
v 5.127945 0.562618 -16.491705
v 5.128893 0.562494 -16.491705
v 5.128433 0.562582 -16.491705
v 5.127945 0.562618 -16.534670
v 5.128885 0.562497 -16.535175
v 5.128431 0.562582 -16.534817
v 5.128894 0.562494 -16.478754
v 5.127945 0.562618 -16.478754
v 5.128434 0.562582 -16.478754
v 5.147923 0.562755 -16.535465
v 5.148843 0.562883 -16.535049
v 5.148364 0.562846 -16.535172
v 5.148843 0.565557 -16.540396
v 5.147954 0.565583 -16.540951
v 5.148373 0.565565 -16.540558
v 5.148843 0.562883 -16.537733
v 5.147933 0.562758 -16.537935
v 5.148367 0.562847 -16.537792
v 5.148843 0.564088 -16.539690
v 5.147948 0.564221 -16.540306
v 5.148371 0.564127 -16.539871
v 5.143340 0.572526 -16.547638
v 5.144095 0.572861 -16.547495
v 5.142509 0.573210 -16.548111
v 5.143639 0.572762 -16.547482
v 5.143235 0.572867 -16.547863
v 5.143302 0.572968 -16.547932
v 5.142962 0.572868 -16.547972
v 5.133893 0.573210 -16.548119
v 5.132286 0.572873 -16.547480
v 5.133060 0.572536 -16.547640
v 5.133088 0.572971 -16.547926
v 5.133161 0.572873 -16.547861
v 5.132753 0.572774 -16.547478
v 5.133439 0.572873 -16.547976
v 5.113487 0.572873 -16.541042
v 5.112524 0.572873 -16.540426
v 5.113006 0.572873 -16.540733
v 5.127558 0.572536 -16.540426
v 5.128396 0.572536 -16.540903
v 5.127830 0.572873 -16.541042
v 5.128013 0.572536 -16.540565
v 5.127985 0.572730 -16.540640
v 5.128193 0.572774 -16.540890
v 5.127694 0.572774 -16.540606
v 5.148843 0.572385 -16.540329
v 5.148574 0.572735 -16.540939
v 5.147959 0.572394 -16.540880
v 5.148708 0.572627 -16.540506
v 5.148408 0.572584 -16.540554
v 5.148187 0.572632 -16.540825
v 5.148375 0.572389 -16.540489
v 5.116997 0.572873 -16.547260
v 5.116728 0.573210 -16.547874
v 5.116807 0.572971 -16.547695
v 5.144433 0.576446 -16.535450
v 5.144433 0.576446 -16.542366
v 5.144433 0.576446 -16.541929
v 5.135684 0.576446 -16.542366
v 5.135688 0.576446 -16.535450
v 5.135686 0.576446 -16.541929
v 5.112020 0.576446 -16.530006
v 5.112442 0.576446 -16.529539
v 5.112442 0.576446 -16.528923
v 5.112231 0.576446 -16.529774
v 5.112562 0.576446 -16.532471
v 5.113017 0.576446 -16.532150
v 5.112883 0.576446 -16.532244
v 5.114299 0.576446 -16.534584
v 5.114594 0.576446 -16.534071
v 5.114507 0.576446 -16.534220
v 5.116739 0.576446 -16.534769
v 5.116374 0.576446 -16.535257
v 5.116632 0.576446 -16.534912
v 5.120557 0.576446 -16.535255
v 5.120263 0.576446 -16.542147
v 5.120471 0.576446 -16.541712
v 5.158473 0.562883 -16.439901
v 5.158473 0.562883 -16.465803
v 5.204421 0.565765 -16.417082
v 5.209152 0.565765 -16.422838
v 5.204421 0.562618 -16.422838
v 5.206783 0.565765 -16.417850
v 5.204421 0.564194 -16.417850
v 5.206683 0.564260 -16.418598
v 5.208519 0.564194 -16.422838
v 5.208519 0.565765 -16.419964
v 5.207906 0.564260 -16.420086
v 5.204421 0.563039 -16.419964
v 5.206783 0.563039 -16.422838
v 5.206683 0.563447 -16.420086
v 5.204421 0.562618 -16.465803
v 5.209152 0.565765 -16.465803
v 5.206786 0.563040 -16.465803
v 5.208518 0.564192 -16.465803
v 5.209152 0.565765 -16.439901
v 5.204421 0.562618 -16.439901
v 5.208518 0.564192 -16.439901
v 5.206786 0.563040 -16.439901
v 5.158473 0.565557 -16.417097
v 5.158473 0.562883 -16.422459
v 5.158473 0.564088 -16.417810
v 5.158473 0.562883 -16.419773
v 5.209152 0.572873 -16.422838
v 5.208519 0.572873 -16.419964
v 5.206783 0.572873 -16.417850
v 5.209152 0.572873 -16.439901
v 5.209152 0.572873 -16.465803
v 5.173930 0.576446 -16.409397
v 5.183558 0.576446 -16.409397
v 5.209152 0.576446 -16.422838
v 5.208519 0.576446 -16.419964
v 5.206783 0.576446 -16.417850
v 5.204421 0.576446 -16.417082
v 5.209152 0.576426 -16.439901
v 5.209152 0.576426 -16.465803
v 5.200217 0.576446 -16.409634
v 5.158473 0.576446 -16.409397
v 5.167678 0.564025 -16.443464
v 5.158473 0.564025 -16.443464
v 5.200206 0.566763 -16.422739
v 5.204503 0.566763 -16.427969
v 5.200206 0.564025 -16.427969
v 5.202352 0.566763 -16.423437
v 5.200206 0.565336 -16.423437
v 5.202261 0.565396 -16.424116
v 5.203928 0.565336 -16.427969
v 5.203928 0.566763 -16.425358
v 5.203371 0.565396 -16.425468
v 5.200206 0.564286 -16.425358
v 5.202352 0.564286 -16.427969
v 5.202261 0.564657 -16.425468
v 5.186090 0.566763 -16.422739
v 5.186090 0.565334 -16.423441
v 5.185982 0.564287 -16.425354
v 5.200206 0.564025 -16.466991
v 5.204503 0.566763 -16.466991
v 5.202354 0.564288 -16.466991
v 5.203927 0.565334 -16.466991
v 5.204503 0.566763 -16.443464
v 5.200206 0.564025 -16.443464
v 5.203927 0.565334 -16.443464
v 5.202354 0.564288 -16.443464
v 5.185739 0.564025 -16.443464
v 5.185739 0.564025 -16.466991
v 5.185739 0.564025 -16.427969
v 5.167678 0.564025 -16.427622
v 5.167678 0.566574 -16.422768
v 5.167678 0.564145 -16.425184
v 5.167678 0.565239 -16.423407
v 5.158473 0.566574 -16.422752
v 5.158473 0.564025 -16.427622
v 5.158473 0.565239 -16.423401
v 5.158473 0.564145 -16.425182
v 5.172512 0.573219 -16.422058
v 5.181257 0.573219 -16.422058
v 5.204503 0.573219 -16.427969
v 5.203928 0.573219 -16.425358
v 5.202352 0.573219 -16.423437
v 5.200206 0.573219 -16.422739
v 5.204503 0.573219 -16.443464
v 5.186090 0.573219 -16.422739
v 5.204503 0.573219 -16.466991
v 5.158473 0.573109 -16.422787
v 5.167678 0.573080 -16.422832
v 5.196388 0.573219 -16.422253
v 5.158473 0.573219 -16.422058
v 5.204503 0.576446 -16.443464
v 5.204503 0.576446 -16.466991
v 5.169030 0.562753 -16.439901
v 5.168102 0.562883 -16.439901
v 5.168583 0.562845 -16.439901
v 5.184056 0.561369 -16.465803
v 5.183083 0.561237 -16.465803
v 5.183578 0.561276 -16.465803
v 5.183083 0.561237 -16.439901
v 5.184056 0.561369 -16.439901
v 5.183578 0.561276 -16.439901
v 5.174437 0.561237 -16.439901
v 5.173478 0.561377 -16.439901
v 5.173945 0.561278 -16.439901
v 5.183052 0.565917 -16.409397
v 5.183906 0.565905 -16.409899
v 5.183512 0.565913 -16.409544
v 5.174437 0.561237 -16.417109
v 5.173479 0.561377 -16.417336
v 5.173946 0.561278 -16.417175
v 5.173579 0.565907 -16.409906
v 5.174437 0.565917 -16.409397
v 5.173975 0.565914 -16.409546
v 5.169034 0.562752 -16.465803
v 5.168102 0.562883 -16.465803
v 5.168584 0.562845 -16.465803
v 5.174437 0.561237 -16.465803
v 5.173477 0.561377 -16.465803
v 5.173945 0.561278 -16.465803
v 5.188550 0.565775 -16.416605
v 5.189387 0.565765 -16.417082
v 5.188931 0.565768 -16.416943
v 5.184020 0.561381 -16.417343
v 5.183083 0.561239 -16.417091
v 5.183567 0.561281 -16.417164
v 5.189387 0.564192 -16.417854
v 5.188463 0.564177 -16.417437
v 5.188907 0.564187 -16.417732
v 5.189268 0.563040 -16.419962
v 5.188309 0.562882 -16.419710
v 5.188776 0.562993 -16.419888
v 5.188055 0.562495 -16.439901
v 5.189000 0.562618 -16.439901
v 5.188513 0.562582 -16.439901
v 5.189000 0.562618 -16.465803
v 5.188052 0.562494 -16.465803
v 5.188512 0.562582 -16.465803
v 5.189000 0.562618 -16.422838
v 5.188060 0.562497 -16.422333
v 5.188514 0.562582 -16.422691
v 5.169023 0.562755 -16.422043
v 5.168102 0.562883 -16.422459
v 5.168581 0.562846 -16.422337
v 5.168102 0.565557 -16.417112
v 5.168991 0.565583 -16.416557
v 5.168572 0.565565 -16.416950
v 5.168102 0.562883 -16.419775
v 5.169012 0.562758 -16.419573
v 5.168578 0.562847 -16.419716
v 5.168102 0.564088 -16.417818
v 5.168997 0.564221 -16.417202
v 5.168574 0.564127 -16.417637
v 5.173605 0.572526 -16.409870
v 5.172850 0.572861 -16.410013
v 5.174437 0.573210 -16.409397
v 5.173306 0.572762 -16.410027
v 5.173710 0.572867 -16.409645
v 5.173643 0.572968 -16.409576
v 5.173983 0.572868 -16.409536
v 5.183052 0.573210 -16.409389
v 5.184659 0.572873 -16.410028
v 5.183885 0.572536 -16.409868
v 5.183857 0.572971 -16.409582
v 5.183784 0.572873 -16.409647
v 5.184192 0.572774 -16.410030
v 5.183506 0.572873 -16.409533
v 5.203458 0.572873 -16.416466
v 5.204421 0.572873 -16.417082
v 5.203939 0.572873 -16.416775
v 5.189387 0.572536 -16.417082
v 5.188550 0.572536 -16.416605
v 5.189116 0.572873 -16.416466
v 5.188932 0.572536 -16.416943
v 5.188961 0.572730 -16.416868
v 5.188752 0.572774 -16.416618
v 5.189251 0.572774 -16.416903
v 5.158473 0.572762 -16.416517
v 5.158473 0.572415 -16.417131
v 5.158473 0.572657 -16.416952
v 5.168102 0.572385 -16.417179
v 5.168371 0.572735 -16.416569
v 5.168986 0.572394 -16.416628
v 5.168237 0.572627 -16.417002
v 5.168537 0.572584 -16.416954
v 5.168758 0.572632 -16.416683
v 5.168570 0.572389 -16.417019
v 5.199948 0.572873 -16.410248
v 5.200217 0.573210 -16.409634
v 5.200139 0.572971 -16.409813
v 5.158473 0.573210 -16.409397
v 5.158473 0.572863 -16.410013
v 5.158473 0.572969 -16.409576
v 5.172512 0.576446 -16.422058
v 5.172512 0.576446 -16.415142
v 5.172512 0.576446 -16.415579
v 5.181261 0.576446 -16.415142
v 5.181257 0.576446 -16.422058
v 5.181259 0.576446 -16.415579
v 5.204925 0.576446 -16.427502
v 5.204503 0.576446 -16.427969
v 5.204503 0.576446 -16.428585
v 5.204714 0.576446 -16.427734
v 5.204383 0.576446 -16.425037
v 5.203928 0.576446 -16.425358
v 5.204062 0.576446 -16.425264
v 5.202646 0.576446 -16.422924
v 5.202352 0.576446 -16.423437
v 5.202438 0.576446 -16.423288
v 5.200206 0.576446 -16.422739
v 5.200571 0.576446 -16.422251
v 5.200313 0.576446 -16.422596
v 5.196388 0.576446 -16.422253
v 5.196682 0.576446 -16.415361
v 5.196474 0.576446 -16.415796
v 5.158473 0.576446 -16.415758
v 5.158473 0.576446 -16.422058
v 5.112524 0.565765 -16.417082
v 5.107793 0.565765 -16.422838
v 5.112524 0.562618 -16.422838
v 5.110162 0.565765 -16.417850
v 5.112524 0.564194 -16.417850
v 5.110262 0.564260 -16.418598
v 5.108426 0.564194 -16.422838
v 5.108426 0.565765 -16.419964
v 5.109039 0.564260 -16.420086
v 5.112524 0.563039 -16.419964
v 5.110162 0.563039 -16.422838
v 5.110262 0.563447 -16.420086
v 5.112524 0.562618 -16.465803
v 5.110159 0.563040 -16.465803
v 5.108428 0.564192 -16.465803
v 5.107793 0.565765 -16.439901
v 5.112524 0.562618 -16.439901
v 5.108428 0.564192 -16.439901
v 5.110159 0.563040 -16.439901
v 5.107793 0.572873 -16.422838
v 5.108426 0.572873 -16.419964
v 5.110162 0.572873 -16.417850
v 5.107793 0.572873 -16.439901
v 5.143015 0.576446 -16.409397
v 5.133387 0.576446 -16.409397
v 5.107793 0.576446 -16.422838
v 5.108426 0.576446 -16.419964
v 5.110162 0.576446 -16.417850
v 5.112524 0.576446 -16.417082
v 5.107793 0.576426 -16.439901
v 5.116728 0.576446 -16.409634
v 5.149267 0.564025 -16.443464
v 5.149267 0.564025 -16.466991
v 5.116739 0.566763 -16.422739
v 5.112442 0.566763 -16.427969
v 5.116739 0.564025 -16.427969
v 5.114594 0.566763 -16.423437
v 5.116739 0.565336 -16.423437
v 5.114684 0.565396 -16.424116
v 5.113017 0.565336 -16.427969
v 5.113017 0.566763 -16.425358
v 5.113574 0.565396 -16.425468
v 5.116739 0.564286 -16.425358
v 5.114594 0.564286 -16.427969
v 5.114684 0.564657 -16.425468
v 5.130855 0.566763 -16.422739
v 5.130855 0.565334 -16.423441
v 5.130963 0.564287 -16.425354
v 5.116739 0.564025 -16.466991
v 5.114591 0.564288 -16.466991
v 5.113018 0.565334 -16.466991
v 5.112442 0.566763 -16.443464
v 5.116739 0.564025 -16.443464
v 5.113018 0.565334 -16.443464
v 5.114591 0.564288 -16.443464
v 5.131207 0.564025 -16.443464
v 5.131207 0.564025 -16.466991
v 5.131207 0.564025 -16.427969
v 5.149267 0.564025 -16.427622
v 5.149267 0.566574 -16.422768
v 5.149267 0.564145 -16.425184
v 5.149267 0.565239 -16.423407
v 5.144433 0.573219 -16.422058
v 5.135688 0.573219 -16.422058
v 5.112442 0.573219 -16.427969
v 5.113017 0.573219 -16.425358
v 5.114594 0.573219 -16.423437
v 5.116739 0.573219 -16.422739
v 5.112442 0.573219 -16.443464
v 5.130855 0.573219 -16.422739
v 5.149267 0.573080 -16.422832
v 5.120557 0.573219 -16.422253
v 5.112442 0.576446 -16.443464
v 5.147915 0.562753 -16.439901
v 5.148843 0.562883 -16.439901
v 5.148362 0.562845 -16.439901
v 5.132889 0.561369 -16.465803
v 5.133862 0.561237 -16.465803
v 5.133368 0.561276 -16.465803
v 5.133862 0.561237 -16.439901
v 5.132889 0.561369 -16.439901
v 5.133368 0.561276 -16.439901
v 5.142509 0.561237 -16.439901
v 5.143467 0.561377 -16.439901
v 5.143000 0.561278 -16.439901
v 5.133893 0.565917 -16.409397
v 5.133039 0.565905 -16.409899
v 5.133433 0.565913 -16.409544
v 5.142509 0.561237 -16.417109
v 5.143466 0.561377 -16.417336
v 5.142999 0.561278 -16.417175
v 5.143366 0.565907 -16.409906
v 5.142509 0.565917 -16.409397
v 5.142970 0.565914 -16.409546
v 5.147912 0.562752 -16.465803
v 5.148843 0.562883 -16.465803
v 5.148361 0.562845 -16.465803
v 5.142509 0.561237 -16.465803
v 5.143468 0.561377 -16.465803
v 5.143000 0.561278 -16.465803
v 5.128396 0.565775 -16.416605
v 5.127558 0.565765 -16.417082
v 5.128014 0.565768 -16.416943
v 5.132926 0.561381 -16.417343
v 5.133862 0.561239 -16.417091
v 5.133378 0.561281 -16.417164
v 5.127558 0.564192 -16.417854
v 5.128482 0.564177 -16.417437
v 5.128038 0.564187 -16.417732
v 5.127677 0.563040 -16.419962
v 5.128636 0.562882 -16.419710
v 5.128169 0.562993 -16.419888
v 5.128890 0.562495 -16.439901
v 5.127945 0.562618 -16.439901
v 5.128432 0.562582 -16.439901
v 5.127945 0.562618 -16.465803
v 5.128893 0.562494 -16.465803
v 5.128433 0.562582 -16.465803
v 5.127945 0.562618 -16.422838
v 5.128885 0.562497 -16.422333
v 5.128431 0.562582 -16.422691
v 5.147923 0.562755 -16.422043
v 5.148843 0.562883 -16.422459
v 5.148364 0.562846 -16.422337
v 5.148843 0.565557 -16.417112
v 5.147954 0.565583 -16.416557
v 5.148373 0.565565 -16.416950
v 5.148843 0.562883 -16.419775
v 5.147933 0.562758 -16.419573
v 5.148367 0.562847 -16.419716
v 5.148843 0.564088 -16.417818
v 5.147948 0.564221 -16.417202
v 5.148371 0.564127 -16.417637
v 5.143340 0.572526 -16.409870
v 5.144095 0.572861 -16.410013
v 5.142509 0.573210 -16.409397
v 5.143639 0.572762 -16.410027
v 5.143235 0.572867 -16.409645
v 5.143302 0.572968 -16.409576
v 5.142962 0.572868 -16.409536
v 5.133893 0.573210 -16.409389
v 5.132286 0.572873 -16.410028
v 5.133060 0.572536 -16.409868
v 5.133088 0.572971 -16.409582
v 5.133161 0.572873 -16.409647
v 5.132753 0.572774 -16.410030
v 5.133439 0.572873 -16.409533
v 5.113487 0.572873 -16.416466
v 5.112524 0.572873 -16.417082
v 5.113006 0.572873 -16.416775
v 5.127558 0.572536 -16.417082
v 5.128396 0.572536 -16.416605
v 5.127830 0.572873 -16.416466
v 5.128013 0.572536 -16.416943
v 5.127985 0.572730 -16.416868
v 5.128193 0.572774 -16.416618
v 5.127694 0.572774 -16.416903
v 5.148843 0.572385 -16.417179
v 5.148574 0.572735 -16.416569
v 5.147959 0.572394 -16.416628
v 5.148708 0.572627 -16.417002
v 5.148408 0.572584 -16.416954
v 5.148187 0.572632 -16.416683
v 5.148375 0.572389 -16.417019
v 5.116997 0.572873 -16.410248
v 5.116728 0.573210 -16.409634
v 5.116807 0.572971 -16.409813
v 5.144433 0.576446 -16.422058
v 5.144433 0.576446 -16.415142
v 5.144433 0.576446 -16.415579
v 5.135684 0.576446 -16.415142
v 5.135688 0.576446 -16.422058
v 5.135686 0.576446 -16.415579
v 5.112020 0.576446 -16.427502
v 5.112442 0.576446 -16.427969
v 5.112442 0.576446 -16.428585
v 5.112231 0.576446 -16.427734
v 5.112562 0.576446 -16.425037
v 5.113017 0.576446 -16.425358
v 5.112883 0.576446 -16.425264
v 5.114299 0.576446 -16.422924
v 5.114594 0.576446 -16.423437
v 5.114507 0.576446 -16.423288
v 5.116739 0.576446 -16.422739
v 5.116374 0.576446 -16.422251
v 5.116632 0.576446 -16.422596
v 5.120557 0.576446 -16.422253
v 5.120263 0.576446 -16.415361
v 5.120471 0.576446 -16.415796
v 5.175368 0.564025 -16.471481
v 5.167678 0.564025 -16.471481
v 5.158473 0.564025 -16.471481
v 5.153336 0.564025 -16.471481
v 5.153336 0.564025 -16.460058
v 5.175368 0.564025 -16.460058
v 5.167678 0.564025 -16.460058
v 5.158473 0.564025 -16.460058
v 5.175368 0.564025 -16.466991
v 5.153336 0.564025 -16.466991
v 5.196148 0.564025 -16.483395
v 5.196175 0.564025 -16.483667
v 5.196148 0.564025 -16.483940
v 5.196148 0.564025 -16.511333
v 5.196175 0.564025 -16.511606
v 5.196148 0.564025 -16.511881
v 5.196068 0.564025 -16.483131
v 5.196068 0.564025 -16.484203
v 5.195765 0.564025 -16.512596
v 5.195553 0.564025 -16.512772
v 5.195939 0.564025 -16.482889
v 5.195939 0.564025 -16.510830
v 5.195765 0.564025 -16.510616
v 5.195765 0.564025 -16.482677
v 5.196068 0.564025 -16.512142
v 5.195939 0.564025 -16.512384
v 5.196068 0.564025 -16.511070
v 5.195765 0.564025 -16.484657
v 5.195553 0.564025 -16.484831
v 5.195939 0.564025 -16.484446
v 5.194775 0.564025 -16.513006
v 5.195048 0.564025 -16.512980
v 5.195311 0.564025 -16.484961
v 5.195553 0.564025 -16.482504
v 5.195311 0.564025 -16.510313
v 5.195553 0.564025 -16.510443
v 5.195048 0.564025 -16.510233
v 5.194775 0.564025 -16.485067
v 5.194775 0.564025 -16.482267
v 5.194775 0.564025 -16.510206
v 5.194502 0.564025 -16.510233
v 5.194502 0.564025 -16.485041
v 5.195048 0.564025 -16.485041
v 5.194502 0.564025 -16.512980
v 5.195048 0.564025 -16.482294
v 5.195311 0.564025 -16.482374
v 5.195311 0.564025 -16.512899
v 5.193611 0.564025 -16.512384
v 5.193402 0.564025 -16.511881
v 5.193997 0.564025 -16.510443
v 5.194239 0.564025 -16.510313
v 5.193611 0.564025 -16.510830
v 5.193785 0.564025 -16.482677
v 5.193481 0.564025 -16.511070
v 5.193611 0.564025 -16.482889
v 5.194502 0.564025 -16.482294
v 5.193785 0.564025 -16.512596
v 5.193997 0.564025 -16.512772
v 5.194239 0.564025 -16.512899
v 5.194239 0.564025 -16.484961
v 5.193997 0.564025 -16.484831
v 5.193402 0.564025 -16.511333
v 5.193402 0.564025 -16.483395
v 5.193481 0.564025 -16.484203
v 5.194239 0.564025 -16.482374
v 5.193785 0.564025 -16.484657
v 5.193997 0.564025 -16.482504
v 5.193611 0.564025 -16.484446
v 5.193375 0.564025 -16.511606
v 5.193402 0.564025 -16.483940
v 5.193375 0.564025 -16.483667
v 5.193481 0.564025 -16.512142
v 5.193481 0.564025 -16.483131
v 5.193785 0.564025 -16.510616
v 5.145348 0.564025 -16.527121
v 5.145375 0.564025 -16.526848
v 5.145348 0.564025 -16.526573
v 5.145268 0.564025 -16.526312
v 5.145268 0.564025 -16.527382
v 5.145139 0.564025 -16.527624
v 5.144965 0.564025 -16.525856
v 5.145139 0.564025 -16.526070
v 5.144965 0.564025 -16.527838
v 5.144753 0.564025 -16.525682
v 5.144511 0.564025 -16.525553
v 5.144753 0.564025 -16.528011
v 5.144248 0.564025 -16.528219
v 5.144511 0.564025 -16.528141
v 5.144248 0.564025 -16.525475
v 5.143975 0.564025 -16.528248
v 5.143975 0.564025 -16.525448
v 5.143998 0.564025 -16.478050
v 5.144078 0.564025 -16.478313
v 5.144105 0.564025 -16.478586
v 5.144078 0.564025 -16.478859
v 5.144088 0.564025 -16.478754
v 5.143998 0.564025 -16.479122
v 5.143702 0.564025 -16.528219
v 5.143439 0.564025 -16.528141
v 5.143197 0.564025 -16.528011
v 5.142811 0.564025 -16.527624
v 5.142985 0.564025 -16.527838
v 5.142811 0.564025 -16.526070
v 5.142985 0.564025 -16.525856
v 5.143197 0.564025 -16.525682
v 5.143439 0.564025 -16.525553
v 5.143702 0.564025 -16.525475
v 5.142978 0.564025 -16.479959
v 5.143483 0.564025 -16.479750
v 5.143241 0.564025 -16.479879
v 5.143695 0.564025 -16.479576
v 5.143869 0.564025 -16.479364
v 5.143695 0.564025 -16.477596
v 5.143869 0.564025 -16.477808
v 5.143483 0.564025 -16.477423
v 5.143241 0.564025 -16.477293
v 5.142978 0.564025 -16.477213
v 5.142705 0.564025 -16.477186
v 5.142602 0.564025 -16.527121
v 5.142682 0.564025 -16.527382
v 5.142575 0.564025 -16.526848
v 5.142682 0.564025 -16.526312
v 5.142602 0.564025 -16.526573
v 5.142705 0.564025 -16.479986
v 5.142432 0.564025 -16.479959
v 5.141927 0.564025 -16.479750
v 5.141715 0.564025 -16.479576
v 5.142169 0.564025 -16.479879
v 5.141411 0.564025 -16.479122
v 5.141541 0.564025 -16.479364
v 5.141332 0.564025 -16.478859
v 5.141332 0.564025 -16.478313
v 5.141322 0.564025 -16.478754
v 5.141305 0.564025 -16.478586
v 5.141411 0.564025 -16.478050
v 5.141541 0.564025 -16.477808
v 5.141715 0.564025 -16.477596
v 5.141927 0.564025 -16.477423
v 5.142432 0.564025 -16.477213
v 5.142169 0.564025 -16.477293
v 5.195845 0.576446 -16.412569
v 5.195845 0.572873 -16.412569
v 5.195640 0.576446 -16.412319
v 5.195640 0.572873 -16.412319
v 5.196123 0.572873 -16.413485
v 5.196123 0.576446 -16.413485
v 5.195997 0.572873 -16.412853
v 5.195997 0.576446 -16.412853
v 5.196091 0.572873 -16.413162
v 5.196091 0.576446 -16.413162
v 5.195997 0.572873 -16.414116
v 5.195997 0.576446 -16.414116
v 5.196091 0.572873 -16.413807
v 5.196091 0.576446 -16.413807
v 5.195389 0.576446 -16.412113
v 5.195389 0.572873 -16.412113
v 5.193306 0.576446 -16.412319
v 5.193306 0.572873 -16.412319
v 5.194795 0.576446 -16.411867
v 5.194795 0.572873 -16.411867
v 5.195104 0.576446 -16.411961
v 5.195104 0.572873 -16.411961
v 5.193841 0.576446 -16.411961
v 5.193841 0.572873 -16.411961
v 5.193556 0.576446 -16.412113
v 5.193556 0.572873 -16.412113
v 5.194151 0.576446 -16.411867
v 5.194151 0.572873 -16.411867
v 5.194473 0.576446 -16.411835
v 5.194473 0.572873 -16.411835
v 5.193101 0.576446 -16.412569
v 5.193101 0.572873 -16.412569
v 5.192948 0.576446 -16.412853
v 5.192948 0.572873 -16.412853
v 5.192854 0.576446 -16.413162
v 5.192854 0.572873 -16.413162
v 5.192854 0.572873 -16.413807
v 5.192854 0.576446 -16.413807
v 5.192822 0.576446 -16.413485
v 5.192835 0.576446 -16.413614
v 5.192822 0.572873 -16.413485
v 5.192948 0.572873 -16.414116
v 5.192948 0.576446 -16.414116
v 5.160123 0.576446 -16.413485
v 5.160123 0.572805 -16.413485
v 5.160091 0.576446 -16.413162
v 5.160091 0.572810 -16.413162
v 5.159639 0.576446 -16.412319
v 5.159639 0.572824 -16.412319
v 5.159389 0.576446 -16.412113
v 5.159389 0.572828 -16.412113
v 5.159104 0.576446 -16.411961
v 5.159104 0.572831 -16.411961
v 5.159997 0.576446 -16.412853
v 5.159997 0.572815 -16.412853
v 5.158473 0.576446 -16.411835
v 5.158473 0.572835 -16.411835
v 5.158794 0.576446 -16.411867
v 5.158794 0.572833 -16.411867
v 5.159844 0.576446 -16.412569
v 5.159844 0.572820 -16.412569
v 5.160091 0.576446 -16.413807
v 5.160091 0.572800 -16.413807
v 5.159997 0.576446 -16.414116
v 5.159997 0.572795 -16.414116
v 5.158151 0.572833 -16.411867
v 5.158151 0.576446 -16.411867
v 5.157101 0.572820 -16.412569
v 5.157101 0.576446 -16.412569
v 5.157306 0.572824 -16.412319
v 5.157306 0.576446 -16.412319
v 5.157556 0.572828 -16.412113
v 5.157556 0.576446 -16.412113
v 5.156948 0.572815 -16.412853
v 5.156948 0.576446 -16.412853
v 5.156854 0.572810 -16.413162
v 5.156854 0.576446 -16.413162
v 5.157841 0.572831 -16.411961
v 5.157841 0.576446 -16.411961
v 5.156948 0.572795 -16.414116
v 5.156948 0.576446 -16.414116
v 5.157101 0.572791 -16.414402
v 5.157101 0.576446 -16.414402
v 5.156854 0.572800 -16.413807
v 5.156854 0.576446 -16.413807
v 5.156823 0.572805 -16.413485
v 5.156823 0.576446 -16.413485
v 5.124091 0.576446 -16.413162
v 5.124091 0.572873 -16.413162
v 5.124123 0.576446 -16.413485
v 5.124123 0.572873 -16.413485
v 5.124091 0.576446 -16.413807
v 5.124110 0.576446 -16.413612
v 5.124091 0.572873 -16.413807
v 5.123997 0.576446 -16.414116
v 5.123997 0.572873 -16.414116
v 5.123997 0.576446 -16.412853
v 5.123997 0.572873 -16.412853
v 5.122151 0.576446 -16.411867
v 5.122151 0.572873 -16.411867
v 5.122795 0.576446 -16.411867
v 5.122795 0.572873 -16.411867
v 5.123845 0.576446 -16.414402
v 5.123845 0.572873 -16.414402
v 5.122473 0.576446 -16.411835
v 5.122473 0.572873 -16.411835
v 5.123845 0.576446 -16.412569
v 5.123845 0.572873 -16.412569
v 5.123389 0.576446 -16.412113
v 5.123389 0.572873 -16.412113
v 5.123640 0.576446 -16.412319
v 5.123640 0.572873 -16.412319
v 5.121841 0.576446 -16.411961
v 5.121841 0.572873 -16.411961
v 5.123104 0.576446 -16.411961
v 5.123104 0.572873 -16.411961
v 5.120948 0.576446 -16.412853
v 5.120948 0.572873 -16.412853
v 5.121556 0.576446 -16.412113
v 5.121556 0.572873 -16.412113
v 5.120854 0.576446 -16.413162
v 5.120854 0.572873 -16.413162
v 5.121101 0.576446 -16.412569
v 5.121101 0.572873 -16.412569
v 5.121306 0.576446 -16.412319
v 5.121306 0.572873 -16.412319
v 5.120823 0.576446 -16.413485
v 5.120823 0.572873 -16.413485
v 5.120854 0.576446 -16.413807
v 5.120854 0.572873 -16.413807
v 5.121101 0.576446 -16.414402
v 5.121101 0.572873 -16.414402
v 5.120948 0.576446 -16.414116
v 5.120948 0.572873 -16.414116
v 5.195389 0.572873 -16.414856
v 5.195454 0.576446 -16.414804
v 5.195389 0.576446 -16.414856
v 5.195640 0.572873 -16.414652
v 5.195640 0.576446 -16.414652
v 5.193101 0.572873 -16.414402
v 5.193101 0.576446 -16.414402
v 5.159639 0.576446 -16.414652
v 5.159639 0.572788 -16.414652
v 5.123104 0.576446 -16.415009
v 5.123104 0.572873 -16.415009
v 5.121841 0.576446 -16.415009
v 5.121841 0.572873 -16.415009
v 5.195845 0.572873 -16.414402
v 5.195845 0.576446 -16.414402
v 5.193306 0.572873 -16.414652
v 5.193306 0.576446 -16.414652
v 5.159844 0.576446 -16.414402
v 5.159844 0.572791 -16.414402
v 5.159389 0.576446 -16.414856
v 5.159389 0.572785 -16.414856
v 5.159104 0.576446 -16.415009
v 5.159104 0.572784 -16.415009
v 5.158151 0.572783 -16.415104
v 5.158151 0.576446 -16.415104
v 5.157556 0.572785 -16.414856
v 5.157556 0.576446 -16.414856
v 5.123640 0.576446 -16.414652
v 5.123640 0.572873 -16.414652
v 5.122795 0.576446 -16.415104
v 5.122795 0.572873 -16.415104
v 5.122151 0.576446 -16.415104
v 5.122151 0.572873 -16.415104
v 5.121306 0.576446 -16.414652
v 5.121306 0.572873 -16.414652
v 5.121556 0.576446 -16.414856
v 5.121491 0.576446 -16.414804
v 5.121556 0.572873 -16.414856
v 5.193841 0.572873 -16.415009
v 5.193841 0.576446 -16.415009
v 5.195104 0.572873 -16.415009
v 5.195104 0.576446 -16.415009
v 5.193556 0.572873 -16.414856
v 5.193556 0.576446 -16.414856
v 5.157306 0.572788 -16.414652
v 5.157306 0.576446 -16.414652
v 5.123389 0.576446 -16.414856
v 5.123389 0.572873 -16.414856
v 5.194473 0.572873 -16.415134
v 5.194473 0.576446 -16.415134
v 5.194151 0.572873 -16.415104
v 5.194151 0.576446 -16.415104
v 5.158794 0.576446 -16.415104
v 5.158794 0.572783 -16.415104
v 5.158473 0.576446 -16.415134
v 5.158473 0.572784 -16.415134
v 5.157841 0.572784 -16.415009
v 5.157841 0.576446 -16.415009
v 5.122473 0.576446 -16.415134
v 5.122473 0.572873 -16.415134
v 5.194795 0.572873 -16.415104
v 5.194795 0.576446 -16.415104
v 5.112442 0.568587 -16.462549
v 5.107793 0.568587 -16.462549
v 5.112442 0.569368 -16.462473
v 5.107793 0.569368 -16.462473
v 5.112733 0.566042 -16.464251
v 5.107793 0.566042 -16.464251
v 5.112442 0.567837 -16.462778
v 5.107793 0.567837 -16.462778
v 5.112442 0.567145 -16.463146
v 5.107793 0.567145 -16.463146
v 5.112442 0.566763 -16.463461
v 5.112533 0.566539 -16.463644
v 5.107793 0.566539 -16.463644
v 5.112442 0.576446 -16.462473
v 5.112442 0.573219 -16.462473
v 5.107793 0.572873 -16.462473
v 5.107793 0.576426 -16.462473
v 5.112442 0.567837 -16.470169
v 5.107793 0.567837 -16.470169
v 5.112533 0.566539 -16.469301
v 5.112442 0.566763 -16.469484
v 5.107793 0.566539 -16.469301
v 5.112442 0.567145 -16.469799
v 5.107793 0.567145 -16.469799
v 5.112733 0.566042 -16.468695
v 5.107793 0.566042 -16.468695
v 5.112442 0.568587 -16.470396
v 5.107793 0.568587 -16.470396
v 5.112882 0.565672 -16.468004
v 5.107831 0.565672 -16.468004
v 5.107793 0.565765 -16.468178
v 5.107927 0.565434 -16.465803
v 5.112974 0.565444 -16.465693
v 5.107923 0.565444 -16.465693
v 5.112974 0.565444 -16.467253
v 5.112984 0.565419 -16.466991
v 5.107923 0.565444 -16.467253
v 5.107954 0.565368 -16.466473
v 5.113004 0.565368 -16.466473
v 5.112882 0.565672 -16.464943
v 5.107831 0.565672 -16.464943
v 5.107793 0.565765 -16.464767
v 5.195997 0.576446 -16.543394
v 5.195997 0.572873 -16.543394
v 5.195104 0.576446 -16.542501
v 5.195104 0.572873 -16.542501
v 5.196123 0.576446 -16.544025
v 5.196123 0.572873 -16.544025
v 5.195389 0.576446 -16.542654
v 5.195389 0.572873 -16.542654
v 5.196091 0.576446 -16.543703
v 5.196091 0.572873 -16.543703
v 5.195640 0.576446 -16.542858
v 5.195640 0.572873 -16.542858
v 5.195845 0.576446 -16.543110
v 5.195845 0.572873 -16.543110
v 5.196091 0.576446 -16.544348
v 5.196091 0.572873 -16.544348
v 5.195452 0.576446 -16.542706
v 5.194795 0.576446 -16.542408
v 5.194795 0.572873 -16.542408
v 5.194151 0.576446 -16.542408
v 5.194151 0.572873 -16.542408
v 5.193306 0.576446 -16.542858
v 5.193306 0.572873 -16.542858
v 5.194473 0.576446 -16.542376
v 5.194473 0.572873 -16.542376
v 5.193841 0.576446 -16.542501
v 5.193841 0.572873 -16.542501
v 5.193101 0.576446 -16.543110
v 5.193101 0.572873 -16.543110
v 5.193556 0.576446 -16.542654
v 5.193556 0.572873 -16.542654
v 5.192948 0.576446 -16.543394
v 5.192948 0.572873 -16.543394
v 5.192854 0.576446 -16.543703
v 5.192854 0.572873 -16.543703
v 5.192822 0.576446 -16.544025
v 5.192835 0.576446 -16.543894
v 5.192822 0.572873 -16.544025
v 5.192854 0.576446 -16.544348
v 5.192854 0.572873 -16.544348
v 5.160123 0.576446 -16.544025
v 5.160123 0.572805 -16.544025
v 5.160091 0.576446 -16.543703
v 5.160091 0.572800 -16.543703
v 5.160091 0.576446 -16.544348
v 5.160091 0.572810 -16.544348
v 5.159997 0.576446 -16.543394
v 5.159997 0.572795 -16.543394
v 5.159844 0.576446 -16.543110
v 5.159844 0.572791 -16.543110
v 5.158473 0.576446 -16.542376
v 5.158473 0.572784 -16.542376
v 5.159104 0.576446 -16.542501
v 5.159104 0.572784 -16.542501
v 5.159639 0.576446 -16.542858
v 5.159639 0.572788 -16.542858
v 5.158151 0.576446 -16.542408
v 5.158151 0.572783 -16.542408
v 5.158794 0.576446 -16.542408
v 5.158794 0.572783 -16.542408
v 5.159389 0.576446 -16.542654
v 5.159389 0.572785 -16.542654
v 5.157841 0.576446 -16.542501
v 5.157841 0.572784 -16.542501
v 5.157556 0.576446 -16.542654
v 5.157556 0.572785 -16.542654
v 5.157306 0.576446 -16.542858
v 5.157306 0.572788 -16.542858
v 5.157101 0.576446 -16.543110
v 5.157101 0.572791 -16.543110
v 5.156948 0.576446 -16.543394
v 5.156948 0.572795 -16.543394
v 5.156854 0.576446 -16.543703
v 5.156854 0.572800 -16.543703
v 5.156854 0.576446 -16.544348
v 5.156854 0.572810 -16.544348
v 5.156823 0.576446 -16.544025
v 5.156823 0.572805 -16.544025
v 5.107793 0.566732 -16.509304
v 5.107793 0.572873 -16.509304
v 5.112442 0.566763 -16.509304
v 5.112455 0.566732 -16.509304
v 5.112455 0.566732 -16.514044
v 5.123997 0.576446 -16.544657
v 5.123997 0.572873 -16.544657
v 5.124091 0.576446 -16.544346
v 5.124091 0.572873 -16.544346
v 5.124123 0.576446 -16.544025
v 5.124123 0.572873 -16.544025
v 5.124091 0.576446 -16.543703
v 5.124091 0.572873 -16.543703
v 5.123997 0.576446 -16.543394
v 5.123997 0.572873 -16.543394
v 5.107793 0.566732 -16.521339
v 5.112442 0.566763 -16.521339
v 5.112455 0.566732 -16.521339
v 5.107793 0.572873 -16.521339
v 5.107793 0.576431 -16.521339
v 5.112442 0.576446 -16.521339
v 5.112442 0.573219 -16.521339
v 5.124110 0.576446 -16.543894
v 5.107793 0.576426 -16.509304
v 5.112442 0.573219 -16.509304
v 5.112442 0.576446 -16.509304
v 5.112442 0.569368 -16.470472
v 5.107793 0.569368 -16.470472
v 5.107793 0.576426 -16.470472
v 5.112442 0.576446 -16.470472
v 5.107793 0.572873 -16.470472
v 5.112442 0.573219 -16.470472
v 5.107793 0.566732 -16.517607
v 5.123389 0.576446 -16.542652
v 5.123389 0.572873 -16.542652
v 5.123104 0.576446 -16.542500
v 5.123104 0.572873 -16.542500
v 5.123845 0.576446 -16.543108
v 5.123845 0.572873 -16.543108
v 5.123640 0.576446 -16.542858
v 5.123640 0.572873 -16.542858
v 5.122151 0.576446 -16.542406
v 5.122151 0.572873 -16.542406
v 5.121841 0.576446 -16.542500
v 5.121841 0.572873 -16.542500
v 5.122795 0.576446 -16.542406
v 5.122795 0.572873 -16.542406
v 5.122473 0.576446 -16.542374
v 5.122473 0.572873 -16.542374
v 5.121556 0.576446 -16.542652
v 5.121556 0.572873 -16.542652
v 5.120948 0.576446 -16.544657
v 5.120948 0.572873 -16.544657
v 5.120854 0.576446 -16.544346
v 5.120854 0.572873 -16.544346
v 5.120823 0.576446 -16.544025
v 5.120823 0.572873 -16.544025
v 5.120854 0.576446 -16.543703
v 5.120854 0.572873 -16.543703
v 5.120948 0.576446 -16.543394
v 5.120948 0.572873 -16.543394
v 5.121101 0.576446 -16.543108
v 5.121101 0.572873 -16.543108
v 5.121306 0.576446 -16.542858
v 5.121306 0.572873 -16.542858
v 5.121492 0.576446 -16.542706
v 5.195997 0.576446 -16.544657
v 5.195997 0.572873 -16.544657
v 5.195640 0.576446 -16.545193
v 5.195640 0.572873 -16.545193
v 5.195845 0.576446 -16.544943
v 5.195845 0.572873 -16.544943
v 5.193101 0.576446 -16.544943
v 5.193101 0.572873 -16.544943
v 5.193306 0.576446 -16.545193
v 5.193306 0.572873 -16.545193
v 5.192948 0.576446 -16.544657
v 5.192948 0.572873 -16.544657
v 5.159997 0.576446 -16.544657
v 5.159997 0.572815 -16.544657
v 5.159844 0.576446 -16.544943
v 5.159844 0.572820 -16.544943
v 5.157306 0.576446 -16.545193
v 5.157306 0.572824 -16.545193
v 5.159639 0.576446 -16.545193
v 5.159639 0.572824 -16.545193
v 5.156948 0.576446 -16.544657
v 5.156948 0.572815 -16.544657
v 5.157101 0.576446 -16.544943
v 5.157101 0.572820 -16.544943
v 5.123845 0.576446 -16.544941
v 5.123845 0.572873 -16.544941
v 5.123640 0.576446 -16.545191
v 5.123640 0.572873 -16.545191
v 5.121306 0.576446 -16.545191
v 5.121306 0.572873 -16.545191
v 5.121101 0.576446 -16.544941
v 5.121101 0.572873 -16.544941
v 5.195389 0.576446 -16.545397
v 5.195389 0.572873 -16.545397
v 5.193556 0.576446 -16.545397
v 5.193556 0.572873 -16.545397
v 5.159389 0.576446 -16.545397
v 5.159389 0.572828 -16.545397
v 5.157556 0.576446 -16.545397
v 5.157556 0.572828 -16.545397
v 5.123389 0.576446 -16.545397
v 5.123389 0.572873 -16.545397
v 5.123104 0.576446 -16.545549
v 5.123104 0.572873 -16.545549
v 5.121556 0.576446 -16.545397
v 5.121556 0.572873 -16.545397
v 5.195104 0.576446 -16.545549
v 5.195104 0.572873 -16.545549
v 5.193841 0.576446 -16.545549
v 5.193841 0.572873 -16.545549
v 5.159104 0.576446 -16.545549
v 5.159104 0.572831 -16.545549
v 5.157841 0.576446 -16.545549
v 5.157841 0.572831 -16.545549
v 5.121841 0.576446 -16.545549
v 5.121841 0.572873 -16.545549
v 5.194795 0.576446 -16.545645
v 5.194795 0.572873 -16.545645
v 5.194151 0.576446 -16.545645
v 5.194151 0.572873 -16.545645
v 5.158794 0.576446 -16.545645
v 5.158794 0.572833 -16.545645
v 5.158151 0.576446 -16.545645
v 5.158151 0.572833 -16.545645
v 5.122795 0.576446 -16.545643
v 5.122795 0.572873 -16.545643
v 5.122473 0.576446 -16.545675
v 5.122473 0.572873 -16.545675
v 5.122151 0.576446 -16.545643
v 5.122151 0.572873 -16.545643
v 5.194473 0.576446 -16.545675
v 5.194473 0.572873 -16.545675
v 5.158473 0.576446 -16.545675
v 5.158473 0.572835 -16.545675
vn -0.0000 1.0000 -0.0000
vn -0.0000 -0.0000 -1.0000
vn -0.0000 -0.0000 1.0000
vn 1.0000 -0.0000 -0.0000
vn -1.0000 -0.0000 -0.0000
vn -0.0000 -1.0000 -0.0000
vn -0.2955 -0.9553 -0.0000
vn 0.2689 -0.9632 -0.0005
vn 0.7748 -0.3243 -0.5427
vn 0.2867 -0.4310 -0.8556
vn 0.7254 -0.3441 -0.5961
vn 0.9044 -0.3743 -0.2047
vn 0.5483 -0.8241 -0.1422
vn 0.1783 -0.9730 -0.1465
vn 0.1812 -0.8629 -0.4718
vn 0.5041 -0.7578 -0.4143
vn 0.9767 -0.0000 -0.2147
vn 0.7726 -0.0000 -0.6349
vn 0.8709 -0.0000 -0.4915
vn 0.1754 -0.9845 -0.0000
vn 0.5539 -0.8326 -0.0000
vn 0.9277 -0.3733 -0.0000
vn -0.0000 -0.9895 -0.1448
vn 0.1755 -0.9845 -0.0000
vn 0.9276 -0.3736 -0.0000
vn 0.2711 -0.9626 -0.0000
vn -0.0000 -0.4398 -0.8981
vn -0.0004 -0.0005 -1.0000
vn 0.0001 -1.0000 -0.0000
vn 0.0010 -0.4346 -0.9006
vn -0.0004 0.0011 -1.0000
vn 0.0032 0.0075 -1.0000
vn -0.0000 -0.8774 -0.4797
vn 0.4795 -0.7467 -0.4610
vn 0.4930 -0.7701 -0.4049
vn 0.8222 -0.0000 -0.5692
vn -0.4651 -0.7546 -0.4629
vn -0.8244 0.0028 -0.5660
vn -0.4643 -0.7534 -0.4657
vn -0.7871 -0.2669 -0.5561
vn 0.0002 -0.8520 -0.5236
vn -0.0005 -0.8547 -0.5191
vn 0.3773 -0.9207 -0.0997
vn 0.3096 -0.0000 -0.9509
vn 0.0143 -0.0000 -0.9999
vn -0.0011 -0.9998 -0.0179
vn -0.2867 0.4310 0.8556
vn -0.7254 0.3441 0.5961
vn -0.9044 0.3743 0.2047
vn -0.5483 0.8241 0.1422
vn -0.1509 0.9807 0.1240
vn -0.1812 0.8629 0.4718
vn -0.5041 0.7578 0.4143
vn -0.9767 -0.0000 0.2147
vn -0.7726 -0.0000 0.6349
vn -0.3096 -0.0000 0.9509
vn -0.1211 0.9926 -0.0000
vn -0.5539 0.8326 -0.0000
vn -0.9277 0.3733 -0.0000
vn -0.0000 0.8774 0.4797
vn -0.0000 0.4398 0.8981
vn -0.1213 0.9926 -0.0000
vn -0.9276 0.3736 -0.0000
vn -0.0000 0.9950 0.0998
vn -0.0000 0.9988 0.0493
vn -0.0002 0.8519 0.5236
vn -0.0010 0.4345 0.9007
vn 0.0009 0.9863 0.1652
vn -0.0033 -0.0076 1.0000
vn -0.0128 -0.0000 0.9999
vn 0.0027 1.0000 0.0006
vn -0.0050 0.9971 0.0753
vn -0.0083 0.8652 0.5014
vn -0.0035 0.4365 0.8997
vn 0.0033 -0.0051 1.0000
vn -0.0047 0.9955 0.0945
vn 0.0043 1.0000 -0.0000
vn -0.1265 -0.0000 0.9920
vn -0.5093 -0.3620 -0.7808
vn -0.2253 -0.8102 -0.5411
vn -0.1947 -0.2699 -0.9430
vn 0.2065 -0.2682 -0.9410
vn 0.2325 -0.8146 -0.5313
vn 0.5142 -0.3589 -0.7790
vn 0.2268 -0.4519 -0.8628
vn 0.6222 -0.4264 -0.6565
vn 0.1567 -0.9485 -0.2753
vn -0.2570 -0.4241 -0.8684
vn -0.1708 -0.9402 -0.2947
vn -0.6418 -0.4053 -0.6510
vn 0.1907 -0.9816 -0.0000
vn 0.0775 -0.9970 -0.0000
vn -0.1504 -0.8449 -0.5133
vn -0.3760 -0.7901 -0.4841
vn -0.3006 -0.0005 -0.9537
vn -0.6687 -0.0009 -0.7435
vn -0.0830 -0.9965 -0.0000
vn -0.2066 -0.9784 -0.0000
vn -0.0832 -0.9965 -0.0000
vn -0.2067 -0.9784 -0.0000
vn 0.2437 -0.4316 -0.8685
vn 0.5606 -0.3917 -0.7296
vn 0.1400 -0.8710 -0.4710
vn 0.3406 -0.8289 -0.4438
vn 0.3889 -0.7854 -0.4816
vn 0.1540 -0.8439 -0.5139
vn 0.2036 -0.9791 -0.0006
vn 0.0816 -0.9967 -0.0002
vn -0.0833 -0.9965 -0.0000
vn -0.2068 -0.9784 -0.0000
vn 0.1127 -0.9846 -0.1338
vn 0.2710 -0.9557 -0.1148
vn 0.0741 -0.9973 -0.0000
vn 0.1871 -0.9823 -0.0000
vn 0.0735 -0.9973 -0.0000
vn 0.1864 -0.9825 -0.0000
vn 0.0744 -0.9972 -0.0000
vn 0.1874 -0.9823 -0.0000
vn -0.0773 -0.9970 -0.0001
vn -0.2004 -0.9797 -0.0003
vn -0.1287 -0.8445 -0.5199
vn -0.3277 -0.8048 -0.4949
vn -0.2922 -0.4134 -0.8624
vn -0.6376 -0.3325 -0.6949
vn -0.0785 -0.9969 -0.0000
vn -0.2017 -0.9795 -0.0000
vn -0.6839 0.0072 -0.7296
vn -0.3243 0.0095 -0.9459
vn -0.2025 -0.9793 -0.0000
vn -0.0793 -0.9969 -0.0000
vn -0.0796 -0.9968 -0.0000
vn -0.2029 -0.9792 -0.0000
vn 0.3022 -0.0011 -0.9533
vn 0.6656 -0.0009 -0.7463
vn 0.6619 -0.0000 -0.7496
vn 0.2935 -0.0000 -0.9560
vn 0.6832 -0.5562 -0.4731
vn 0.2041 -0.9687 -0.1413
vn -0.2064 -0.9654 -0.1597
vn -0.6842 -0.5505 -0.4784
vn -0.0016 -0.9711 -0.2385
vn 0.0022 -0.5944 -0.8042
vn 0.0028 -0.9910 -0.1338
vn 0.0112 -0.8932 -0.4496
vn 0.1305 -0.9882 -0.0798
vn 0.4285 -0.8641 -0.2642
vn 0.0114 -0.6039 -0.7970
vn 0.0032 -0.9753 -0.2208
vn -0.0001 -0.9715 -0.2372
vn -0.0000 -0.5986 -0.8011
vn 0.2955 -0.9553 -0.0000
vn -0.2689 -0.9632 -0.0005
vn -0.7748 -0.3243 -0.5427
vn -0.2867 -0.4310 -0.8556
vn -0.7254 -0.3441 -0.5961
vn -0.9044 -0.3743 -0.2047
vn -0.5483 -0.8241 -0.1422
vn -0.1783 -0.9730 -0.1465
vn -0.1812 -0.8629 -0.4718
vn -0.5041 -0.7578 -0.4143
vn -0.9767 -0.0000 -0.2147
vn -0.7726 -0.0000 -0.6349
vn -0.8709 -0.0000 -0.4915
vn -0.1754 -0.9845 -0.0000
vn -0.5539 -0.8326 -0.0000
vn -0.9277 -0.3733 -0.0000
vn -0.1755 -0.9845 -0.0000
vn -0.9276 -0.3736 -0.0000
vn -0.2711 -0.9626 -0.0000
vn 0.0004 -0.0005 -1.0000
vn -0.0001 -1.0000 -0.0000
vn -0.0010 -0.4346 -0.9006
vn 0.0004 0.0011 -1.0000
vn -0.0032 0.0075 -1.0000
vn -0.4795 -0.7467 -0.4610
vn -0.4930 -0.7701 -0.4049
vn -0.8222 -0.0000 -0.5692
vn 0.4651 -0.7546 -0.4629
vn 0.8244 0.0028 -0.5660
vn 0.4643 -0.7534 -0.4657
vn 0.7871 -0.2669 -0.5561
vn -0.0002 -0.8520 -0.5236
vn 0.0005 -0.8547 -0.5191
vn -0.3773 -0.9207 -0.0997
vn -0.3096 -0.0000 -0.9509
vn -0.0143 -0.0000 -0.9999
vn 0.0011 -0.9998 -0.0179
vn 0.2867 0.4310 0.8556
vn 0.7254 0.3441 0.5961
vn 0.9044 0.3743 0.2047
vn 0.5483 0.8241 0.1422
vn 0.1509 0.9807 0.1240
vn 0.1812 0.8629 0.4718
vn 0.5041 0.7578 0.4143
vn 0.9767 -0.0000 0.2147
vn 0.7726 -0.0000 0.6349
vn 0.3096 -0.0000 0.9509
vn 0.1211 0.9926 -0.0000
vn 0.5539 0.8326 -0.0000
vn 0.9277 0.3733 -0.0000
vn 0.1213 0.9926 -0.0000
vn 0.9276 0.3736 -0.0000
vn 0.0002 0.8519 0.5236
vn 0.0010 0.4345 0.9007
vn -0.0009 0.9863 0.1652
vn 0.0033 -0.0076 1.0000
vn 0.0128 -0.0000 0.9999
vn -0.0021 1.0000 0.0007
vn 0.0050 0.9971 0.0753
vn 0.0083 0.8652 0.5014
vn 0.0035 0.4365 0.8997
vn -0.0033 -0.0051 1.0000
vn 0.0047 0.9955 0.0945
vn -0.0043 1.0000 -0.0000
vn 0.1265 -0.0000 0.9920
vn 0.5093 -0.3620 -0.7808
vn 0.2253 -0.8102 -0.5411
vn 0.1947 -0.2699 -0.9430
vn -0.2065 -0.2682 -0.9410
vn -0.2325 -0.8146 -0.5313
vn -0.5142 -0.3589 -0.7790
vn -0.2268 -0.4519 -0.8628
vn -0.6222 -0.4264 -0.6565
vn -0.1567 -0.9485 -0.2753
vn 0.2570 -0.4241 -0.8684
vn 0.1708 -0.9402 -0.2947
vn 0.6418 -0.4053 -0.6510
vn -0.1907 -0.9816 -0.0000
vn -0.0775 -0.9970 -0.0000
vn 0.1504 -0.8449 -0.5133
vn 0.3760 -0.7901 -0.4841
vn 0.3006 -0.0005 -0.9537
vn 0.6687 -0.0009 -0.7435
vn 0.0830 -0.9965 -0.0000
vn 0.2066 -0.9784 -0.0000
vn 0.0832 -0.9965 -0.0000
vn 0.2067 -0.9784 -0.0000
vn -0.2437 -0.4316 -0.8685
vn -0.5606 -0.3917 -0.7296
vn -0.1400 -0.8710 -0.4710
vn -0.3406 -0.8289 -0.4438
vn -0.3889 -0.7854 -0.4816
vn -0.1540 -0.8439 -0.5139
vn -0.2036 -0.9791 -0.0006
vn -0.0816 -0.9967 -0.0002
vn 0.0833 -0.9965 -0.0000
vn 0.2068 -0.9784 -0.0000
vn -0.1127 -0.9846 -0.1338
vn -0.2710 -0.9557 -0.1148
vn -0.0741 -0.9973 -0.0000
vn -0.1871 -0.9823 -0.0000
vn -0.0735 -0.9973 -0.0000
vn -0.1864 -0.9825 -0.0000
vn -0.0744 -0.9972 -0.0000
vn -0.1874 -0.9823 -0.0000
vn 0.0773 -0.9970 -0.0001
vn 0.2004 -0.9797 -0.0003
vn 0.1287 -0.8445 -0.5199
vn 0.3277 -0.8048 -0.4949
vn 0.2922 -0.4134 -0.8624
vn 0.6376 -0.3325 -0.6949
vn 0.0785 -0.9969 -0.0000
vn 0.2017 -0.9795 -0.0000
vn 0.6839 0.0072 -0.7296
vn 0.3243 0.0095 -0.9459
vn 0.2025 -0.9793 -0.0000
vn 0.0793 -0.9969 -0.0000
vn 0.0796 -0.9968 -0.0000
vn 0.2029 -0.9792 -0.0000
vn -0.3022 -0.0011 -0.9533
vn -0.6656 -0.0009 -0.7463
vn -0.6619 -0.0000 -0.7496
vn -0.2935 -0.0000 -0.9560
vn -0.6833 -0.5562 -0.4731
vn -0.2041 -0.9687 -0.1413
vn 0.2064 -0.9654 -0.1597
vn 0.6842 -0.5505 -0.4784
vn 0.0016 -0.9711 -0.2385
vn -0.0022 -0.5944 -0.8042
vn -0.0028 -0.9910 -0.1338
vn -0.0112 -0.8932 -0.4496
vn -0.1305 -0.9882 -0.0798
vn -0.4285 -0.8641 -0.2642
vn -0.0114 -0.6039 -0.7970
vn -0.0032 -0.9753 -0.2208
vn 0.0001 -0.9715 -0.2372
vn 0.2689 -0.9632 0.0005
vn 0.7748 -0.3243 0.5427
vn 0.2867 -0.4310 0.8556
vn 0.7254 -0.3441 0.5961
vn 0.9044 -0.3743 0.2047
vn 0.5483 -0.8241 0.1422
vn 0.1783 -0.9730 0.1465
vn 0.1812 -0.8629 0.4718
vn 0.5041 -0.7578 0.4143
vn 0.8709 -0.0000 0.4915
vn -0.0000 -0.9895 0.1448
vn -0.0000 -0.4398 0.8981
vn -0.0004 -0.0005 1.0000
vn 0.0010 -0.4346 0.9006
vn -0.0004 0.0011 1.0000
vn 0.0032 0.0075 1.0000
vn -0.0000 -0.8774 0.4797
vn 0.4795 -0.7467 0.4610
vn 0.4930 -0.7701 0.4049
vn 0.8222 -0.0000 0.5692
vn -0.4651 -0.7546 0.4629
vn -0.8244 0.0028 0.5660
vn -0.4643 -0.7534 0.4657
vn -0.7871 -0.2669 0.5561
vn 0.0002 -0.8520 0.5236
vn -0.0005 -0.8547 0.5191
vn 0.3773 -0.9207 0.0997
vn 0.0143 -0.0000 0.9999
vn -0.0011 -0.9998 0.0179
vn -0.2867 0.4310 -0.8556
vn -0.7254 0.3441 -0.5961
vn -0.9044 0.3743 -0.2047
vn -0.5483 0.8241 -0.1422
vn -0.1509 0.9807 -0.1240
vn -0.1812 0.8629 -0.4718
vn -0.5041 0.7578 -0.4143
vn -0.0000 0.8774 -0.4797
vn -0.0000 0.4398 -0.8981
vn -0.0000 0.9950 -0.0998
vn -0.0000 0.9988 -0.0493
vn -0.0002 0.8519 -0.5236
vn -0.0010 0.4345 -0.9007
vn 0.0009 0.9863 -0.1652
vn -0.0033 -0.0076 -1.0000
vn -0.0128 -0.0000 -0.9999
vn 0.0027 1.0000 -0.0006
vn -0.0050 0.9971 -0.0753
vn -0.0083 0.8652 -0.5014
vn -0.0035 0.4365 -0.8997
vn 0.0033 -0.0051 -1.0000
vn -0.0047 0.9955 -0.0945
vn -0.1265 -0.0000 -0.9920
vn -0.5093 -0.3620 0.7808
vn -0.2253 -0.8102 0.5411
vn -0.1947 -0.2699 0.9430
vn 0.2065 -0.2682 0.9410
vn 0.2325 -0.8146 0.5313
vn 0.5142 -0.3589 0.7790
vn 0.2268 -0.4519 0.8628
vn 0.6222 -0.4264 0.6565
vn 0.1567 -0.9485 0.2753
vn -0.2570 -0.4241 0.8684
vn -0.1708 -0.9402 0.2947
vn -0.6418 -0.4053 0.6510
vn -0.1504 -0.8449 0.5133
vn -0.3760 -0.7901 0.4841
vn -0.3006 -0.0005 0.9537
vn -0.6687 -0.0009 0.7435
vn 0.2437 -0.4316 0.8685
vn 0.5606 -0.3917 0.7296
vn 0.1400 -0.8710 0.4710
vn 0.3406 -0.8289 0.4438
vn 0.3889 -0.7854 0.4816
vn 0.1540 -0.8439 0.5139
vn 0.2036 -0.9791 0.0006
vn 0.0816 -0.9967 0.0002
vn 0.1127 -0.9846 0.1338
vn 0.2710 -0.9557 0.1148
vn -0.0773 -0.9970 0.0001
vn -0.2004 -0.9797 0.0003
vn -0.1287 -0.8445 0.5199
vn -0.3277 -0.8048 0.4949
vn -0.2922 -0.4134 0.8624
vn -0.6376 -0.3325 0.6949
vn -0.6839 0.0072 0.7296
vn -0.3243 0.0095 0.9459
vn 0.3022 -0.0011 0.9533
vn 0.6656 -0.0009 0.7463
vn 0.6619 -0.0000 0.7496
vn 0.2935 -0.0000 0.9560
vn 0.6833 -0.5562 0.4731
vn 0.2041 -0.9687 0.1413
vn -0.2064 -0.9654 0.1597
vn -0.6842 -0.5505 0.4784
vn -0.0016 -0.9711 0.2385
vn 0.0022 -0.5944 0.8042
vn 0.0028 -0.9910 0.1338
vn 0.0112 -0.8932 0.4496
vn 0.1305 -0.9882 0.0798
vn 0.4285 -0.8641 0.2642
vn 0.0114 -0.6039 0.7970
vn 0.0032 -0.9753 0.2208
vn -0.0001 -0.9715 0.2372
vn -0.0000 -0.5986 0.8011
vn -0.2689 -0.9632 0.0005
vn -0.7748 -0.3243 0.5427
vn -0.2867 -0.4310 0.8556
vn -0.7254 -0.3441 0.5961
vn -0.9044 -0.3743 0.2047
vn -0.5483 -0.8241 0.1422
vn -0.1783 -0.9730 0.1465
vn -0.1812 -0.8629 0.4718
vn -0.5041 -0.7578 0.4143
vn -0.8709 -0.0000 0.4915
vn 0.0004 -0.0005 1.0000
vn -0.0010 -0.4346 0.9006
vn 0.0004 0.0011 1.0000
vn -0.0032 0.0075 1.0000
vn -0.4795 -0.7467 0.4610
vn -0.4930 -0.7701 0.4049
vn -0.8222 -0.0000 0.5692
vn 0.4651 -0.7546 0.4629
vn 0.8244 0.0028 0.5660
vn 0.4643 -0.7534 0.4657
vn 0.7871 -0.2669 0.5561
vn -0.0002 -0.8520 0.5236
vn 0.0005 -0.8547 0.5191
vn -0.3773 -0.9207 0.0997
vn -0.0143 -0.0000 0.9999
vn 0.0011 -0.9998 0.0179
vn 0.2867 0.4310 -0.8556
vn 0.7254 0.3441 -0.5961
vn 0.9044 0.3743 -0.2047
vn 0.5483 0.8241 -0.1422
vn 0.1509 0.9807 -0.1240
vn 0.1812 0.8629 -0.4718
vn 0.5041 0.7578 -0.4143
vn 0.0002 0.8519 -0.5236
vn 0.0010 0.4345 -0.9007
vn -0.0009 0.9863 -0.1652
vn 0.0033 -0.0076 -1.0000
vn 0.0128 -0.0000 -0.9999
vn -0.0027 1.0000 -0.0006
vn 0.0050 0.9971 -0.0753
vn 0.0083 0.8652 -0.5014
vn 0.0035 0.4365 -0.8997
vn -0.0033 -0.0051 -1.0000
vn 0.0047 0.9955 -0.0945
vn 0.1265 -0.0000 -0.9920
vn 0.5093 -0.3620 0.7808
vn 0.2253 -0.8102 0.5411
vn 0.1947 -0.2699 0.9430
vn -0.2065 -0.2682 0.9410
vn -0.2325 -0.8146 0.5313
vn -0.5142 -0.3589 0.7790
vn -0.2268 -0.4519 0.8628
vn -0.6222 -0.4264 0.6565
vn -0.1567 -0.9485 0.2753
vn 0.2570 -0.4241 0.8684
vn 0.1708 -0.9402 0.2947
vn 0.6418 -0.4053 0.6510
vn 0.1504 -0.8449 0.5133
vn 0.3760 -0.7901 0.4841
vn 0.3006 -0.0005 0.9537
vn 0.6687 -0.0009 0.7435
vn -0.2437 -0.4316 0.8685
vn -0.5606 -0.3917 0.7296
vn -0.1400 -0.8710 0.4710
vn -0.3406 -0.8289 0.4438
vn -0.3889 -0.7854 0.4816
vn -0.1540 -0.8439 0.5139
vn -0.2036 -0.9791 0.0006
vn -0.0816 -0.9967 0.0002
vn -0.1127 -0.9846 0.1338
vn -0.2710 -0.9557 0.1148
vn 0.0773 -0.9970 0.0001
vn 0.2004 -0.9797 0.0003
vn 0.1287 -0.8445 0.5199
vn 0.3277 -0.8048 0.4949
vn 0.2922 -0.4134 0.8624
vn 0.6376 -0.3325 0.6949
vn 0.6839 0.0072 0.7296
vn 0.3243 0.0095 0.9459
vn -0.3022 -0.0011 0.9533
vn -0.6656 -0.0009 0.7463
vn -0.6619 -0.0000 0.7496
vn -0.2935 -0.0000 0.9560
vn -0.6832 -0.5562 0.4731
vn -0.2041 -0.9687 0.1413
vn 0.2064 -0.9654 0.1597
vn 0.6842 -0.5505 0.4784
vn 0.0016 -0.9711 0.2385
vn -0.0022 -0.5944 0.8042
vn -0.0028 -0.9910 0.1338
vn -0.0112 -0.8932 0.4496
vn -0.1305 -0.9882 0.0798
vn -0.4285 -0.8641 0.2642
vn -0.0114 -0.6039 0.7970
vn -0.0032 -0.9753 0.2208
vn 0.0001 -0.9715 0.2372
vn 0.8819 -0.0000 -0.4714
vn -0.6344 -0.0000 0.7730
vn -0.0980 -0.0000 -0.9952
vn 0.0980 -0.0000 0.9952
vn 0.2903 -0.0000 0.9569
vn -0.6344 -0.0000 -0.7730
vn -0.8819 -0.0000 -0.4714
vn -0.7730 -0.0000 -0.6344
vn -0.4714 -0.0000 -0.8819
vn 0.8819 -0.0000 0.4714
vn 0.9952 -0.0000 0.0980
vn -0.2903 -0.0000 -0.9569
vn 0.7730 -0.0000 -0.6344
vn -0.4714 -0.0000 0.8819
vn 0.6344 -0.0000 -0.7730
vn -0.8819 -0.0000 0.4714
vn 0.9569 -0.0000 0.2903
vn 0.4714 -0.0000 0.8819
vn -0.2903 -0.0000 0.9569
vn -0.0980 -0.0000 0.9952
vn 0.7730 -0.0000 0.6344
vn 0.9952 -0.0000 -0.0980
vn -0.9952 -0.0000 -0.0980
vn -0.9952 -0.0000 0.0980
vn 0.9569 -0.0000 -0.2903
vn 0.6344 -0.0000 0.7730
vn -0.7730 -0.0000 0.6344
vn -0.9569 -0.0000 -0.2903
vn -0.9569 -0.0000 0.2903
vn 0.0980 -0.0000 -0.9952
vn 0.2903 -0.0000 -0.9569
vn 0.4714 -0.0000 -0.8819
vn -0.0000 -0.9952 -0.0980
vn -0.0000 -0.4714 -0.8819
vn -0.0000 -0.2903 -0.9569
vn -0.0000 -0.8819 0.4714
vn -0.0000 -0.6344 -0.7730
vn -0.0000 -0.7730 0.6344
vn -0.0000 -0.9569 0.2903
vn -0.0000 -0.9952 0.0980
vn -0.0000 -0.8819 -0.4714
vn -0.0000 -0.2903 0.9569
vn -0.0000 -0.6344 0.7730
vn -0.0000 -0.9569 -0.2903
vn -0.0000 -0.7730 -0.6344
vn -0.0000 -0.0980 -0.9952
vn -0.0000 -0.0980 0.9952
vn -0.0000 -0.4714 0.8819
vt 0.000000 0.000000
vt 1.000000 0.000000
vt 1.000000 1.000000
vt 0.000000 1.000000
vt 0.650992 1.000000
vt 0.233139 1.000000
vt 0.233139 0.000000
vt 0.650992 0.000000
vt 1.000000 0.606912
vt 0.000000 0.606913
vt 0.250000 0.550000
vt 0.273750 0.550000
vt 0.273750 0.600000
vt 0.250000 0.600000
vt 0.287010 0.550000
vt 0.287008 0.600000
vt 0.276049 0.600000
vt 0.276039 0.550000
vt 0.328855 0.512614
vt 0.363332 0.512614
vt 0.363332 0.550000
vt 0.328855 0.550000
vt 0.290060 0.600000
vt 0.323065 0.600000
vt 0.323065 0.625000
vt 0.290060 0.625000
vt 0.325259 0.550000
vt 0.325245 0.512158
vt 0.327481 0.512614
vt 0.327478 0.550000
vt 0.328855 0.600000
vt 0.363332 0.600000
vt 0.363332 0.625000
vt 0.328855 0.625000
vt 0.401770 0.437802
vt 0.403384 0.449184
vt 0.323140 0.500253
vt 0.250000 0.511781
vt 0.273750 0.511781
vt 0.403491 0.488332
vt 0.403491 0.494158
vt 0.375000 0.493912
vt 0.375000 0.488332
vt 0.403491 0.506315
vt 0.389866 0.506582
vt 0.403491 0.512614
vt 0.389264 0.512614
vt 0.369158 0.512614
vt 0.368912 0.506582
vt 0.363332 0.506315
vt 0.363332 0.500000
vt 0.368912 0.500000
vt 0.371927 0.506582
vt 0.467830 0.512614
vt 0.467830 0.506315
vt 0.467830 0.494158
vt 0.500000 0.488332
vt 0.467830 0.488332
vt 0.470882 0.488332
vt 0.369166 0.550000
vt 0.389245 0.550000
vt 0.403491 0.550000
vt 0.331616 0.506308
vt 0.403491 0.451251
vt 0.464778 0.451251
vt 0.369166 0.600000
vt 0.369166 0.625000
vt 0.389245 0.600000
vt 0.389245 0.625000
vt 0.403491 0.600000
vt 0.403491 0.625000
vt 0.273750 0.625000
vt 0.250000 0.625000
vt 0.327476 0.600000
vt 0.327476 0.625000
vt 0.325259 0.625000
vt 0.325259 0.600000
vt 0.250000 0.505895
vt 0.273750 0.505899
vt 0.375000 0.451251
vt 0.290060 0.550000
vt 0.323065 0.550000
vt 0.401771 0.414375
vt 0.470431 0.414375
vt 0.470431 0.435625
vt 0.401771 0.435625
vt 0.290060 0.510365
vt 0.323065 0.510333
vt 0.375000 0.398750
vt 0.375000 0.375000
vt 0.401701 0.375000
vt 0.401790 0.398750
vt 0.470363 0.414375
vt 0.500000 0.413125
vt 0.500000 0.436875
vt 0.470363 0.435625
vt 0.463999 0.375000
vt 0.464019 0.398750
vt 0.326251 0.500000
vt 0.287013 0.509988
vt 0.276022 0.511671
vt 0.275995 0.506238
vt 0.396804 0.441128
vt 0.330165 0.495467
vt 0.370236 0.454448
vt 0.327971 0.494901
vt 0.334437 0.501389
vt 0.371332 0.454739
vt 0.464148 0.437680
vt 0.464780 0.449185
vt 0.401861 0.437731
vt 0.287007 0.625000
vt 0.276053 0.625000
vt 0.397231 0.377807
vt 0.401903 0.412259
vt 0.401793 0.400943
vt 0.464005 0.400933
vt 0.464092 0.412325
vt 0.402162 0.410162
vt 0.293015 0.503135
vt 0.376956 0.400959
vt 0.467830 0.600000
vt 0.467830 0.625000
vt 0.467257 0.413125
vt 0.467257 0.436875
vt 0.503420 0.436875
vt 0.503420 0.413125
vt 0.500000 0.506315
vt 0.500000 0.494158
vt 0.500000 0.512614
vt 0.402021 0.412252
vt 0.470363 0.413125
vt 0.470363 0.413125
vt 0.250000 0.500000
vt 0.273750 0.500000
vt 0.375000 0.448065
vt 0.375000 0.415060
vt 0.467830 0.550000
vt 0.331887 0.507097
vt 0.371303 0.454701
vt 0.470356 0.435310
vt 0.467325 0.439975
vt 0.467820 0.486616
vt 0.467753 0.471433
vt 0.467747 0.471687
vt 0.467739 0.471752
vt 0.467731 0.471619
vt 0.467722 0.471290
vt 0.467712 0.470775
vt 0.467702 0.470097
vt 0.467693 0.469284
vt 0.467684 0.468371
vt 0.467677 0.467400
vt 0.467672 0.466413
vt 0.467669 0.465453
vt 0.467670 0.464560
vt 0.467673 0.463771
vt 0.467680 0.463115
vt 0.467688 0.462616
vt 0.467699 0.462289
vt 0.467796 0.450807
vt 0.287013 0.510823
vt 0.276022 0.519618
vt 0.500000 0.550000
vt 0.500000 0.600000
vt 0.467241 0.410087
vt 0.467244 0.411980
vt 0.467104 0.400277
vt 0.467077 0.378038
vt 0.467112 0.384862
vt 0.467113 0.385463
vt 0.467116 0.386390
vt 0.467121 0.387570
vt 0.467126 0.388930
vt 0.467133 0.390406
vt 0.467140 0.391942
vt 0.467148 0.393487
vt 0.467156 0.394996
vt 0.467164 0.396428
vt 0.467172 0.397746
vt 0.467179 0.398912
vt 0.467185 0.399889
vt 0.467189 0.400637
vt 0.467193 0.401117
vt 0.467195 0.401289
vt 0.467195 0.401123
vt 0.500000 0.625000
vt 0.275000 0.600000
vt 0.275000 0.550000
vt 0.327721 0.550000
vt 0.346518 0.555178
vt 0.346584 0.554597
vt 0.346780 0.554039
vt 0.347098 0.553525
vt 0.347527 0.553074
vt 0.348049 0.552704
vt 0.348645 0.552429
vt 0.349291 0.552260
vt 0.349964 0.552202
vt 0.350636 0.552260
vt 0.351282 0.552429
vt 0.351878 0.552704
vt 0.352400 0.553074
vt 0.352829 0.553525
vt 0.353147 0.554039
vt 0.353343 0.554597
vt 0.353410 0.555178
vt 0.327721 0.512614
vt 0.325000 0.500000
vt 0.330554 0.506308
vt 0.403491 0.450000
vt 0.375000 0.450000
vt 0.327721 0.600000
vt 0.327721 0.625000
vt 0.346517 0.614558
vt 0.346584 0.613978
vt 0.346780 0.613420
vt 0.347098 0.612905
vt 0.347527 0.612455
vt 0.348049 0.612085
vt 0.348645 0.611810
vt 0.349291 0.611640
vt 0.349964 0.611583
vt 0.350636 0.611640
vt 0.351282 0.611810
vt 0.351878 0.612085
vt 0.352400 0.612455
vt 0.352829 0.612905
vt 0.353147 0.613420
vt 0.353343 0.613978
vt 0.353410 0.614559
vt 0.275000 0.625000
vt 0.275000 0.511781
vt 0.275000 0.505899
vt 0.275000 0.500000
vt 0.375000 0.400000
vt 0.401794 0.400000
vt 0.500000 0.493966
vt 0.500000 0.493716
vt 0.500000 0.507105
vt 0.503360 0.506315
vt 0.503360 0.494158
vt 0.467062 0.375000
vt 0.467092 0.400000
vt 0.467830 0.450000
vt 0.500000 0.488332
vt 0.500000 0.436133
vt 0.500000 0.488579
vt 0.500000 0.483731
vt 0.500000 0.483582
vt 0.500000 0.482804
vt 0.500000 0.481871
vt 0.500000 0.480821
vt 0.500000 0.479693
vt 0.500000 0.478531
vt 0.500000 0.477379
vt 0.500000 0.476282
vt 0.500000 0.475282
vt 0.500000 0.474417
vt 0.500000 0.473720
vt 0.500000 0.473423
vt 0.503403 0.436875
vt 0.503378 0.488332
vt 0.500000 0.514102
vt 0.500000 0.412752
vt 0.500000 0.436512
vt 0.500000 0.506669
vt 0.500000 0.413125
vt 0.500000 0.413125
vt 0.500000 0.413125
vt 0.500000 0.413125
vt 0.500000 0.413125
vt 0.500000 0.413125
vt 0.500000 0.413125
vt 0.496580 0.413125
vt 0.500000 0.493937
vt 0.500000 0.506944
vt 0.503360 0.488332
vt 0.500000 0.436334
vt 0.500000 0.506689
vt 0.500000 0.473085
vt 0.500000 0.472803
vt 0.500000 0.472305
vt 0.500000 0.472020
vt 0.500000 0.471959
vt 0.500000 0.472125
vt 0.500000 0.472512
vt 0.500000 0.473103
vt 0.500000 0.473877
vt 0.500000 0.474805
vt 0.500000 0.475849
vt 0.500000 0.476971
vt 0.500000 0.478126
vt 0.500000 0.479272
vt 0.500000 0.480362
vt 0.500000 0.481357
vt 0.500000 0.482217
vt 0.500000 0.482910
vt 0.500000 0.483408
vt 0.500000 0.483693
vt 0.500000 0.483754
vt 0.500000 0.483588
vt 0.500000 0.483298
vt 0.500000 0.488101
vt 0.467241 0.411863
vt 0.467238 0.412969
vt 0.467213 0.413125
vt 0.467257 0.412418
vt 0.467267 0.437801
vt 0.467266 0.437270
vt 0.467313 0.438157
vt 0.467320 0.438157
vt 0.464778 0.450000
vt 0.467422 0.450023
vt 0.467830 0.450916
vt 0.467872 0.449405
vt 0.464845 0.450000
vt 0.467804 0.449405
vt 0.467091 0.399083
vt 0.466674 0.399992
vt 0.464065 0.400000
vt 0.467100 0.400645
vt 0.499982 0.511875
vt 0.500000 0.512244
vt 0.325000 0.600000
vt 0.325000 0.550000
vt 0.375027 0.413125
vt 0.401529 0.413125
vt 0.400746 0.414002
vt 0.288238 0.510270
vt 0.401771 0.413125
vt 0.288125 0.550000
vt 0.288125 0.510481
vt 0.288125 0.600000
vt 0.375229 0.450000
vt 0.325631 0.499598
vt 0.375016 0.449992
vt 0.401651 0.436934
vt 0.325000 0.511599
vt 0.325000 0.625000
vt 0.288125 0.625000
vt 0.327842 0.512343
vt 0.275000 0.511514
vt 0.401827 0.400000
vt 0.376109 0.400000
vt 0.275000 0.520399
vt 0.275000 0.600000
vt 0.464812 0.450000
vt 0.403516 0.450000
vt 0.467316 0.438157
vt 0.467838 0.449405
vt 0.467062 0.375000
vt 0.467828 0.486777
vt 0.467830 0.487738
vt 0.467829 0.488213
vt 0.500000 0.488523
vt 0.467830 0.566028
vt 0.412239 0.566029
vt 0.412239 0.550000
vt 0.412239 0.541822
vt 0.467830 0.541822
vt 0.467699 0.462287
vt 0.467688 0.462615
vt 0.467680 0.463114
vt 0.467673 0.463769
vt 0.467670 0.464558
vt 0.467669 0.465451
vt 0.467672 0.466411
vt 0.467677 0.467398
vt 0.467684 0.468369
vt 0.467693 0.469282
vt 0.467702 0.470095
vt 0.467712 0.470774
vt 0.467722 0.471288
vt 0.467731 0.471617
vt 0.467739 0.471750
vt 0.467747 0.471685
vt 0.467753 0.471431
vt 0.500000 0.541822
vt 0.467195 0.401289
vt 0.467193 0.401117
vt 0.467189 0.400637
vt 0.467185 0.399888
vt 0.467179 0.398912
vt 0.467172 0.397746
vt 0.467164 0.396428
vt 0.467156 0.394996
vt 0.467148 0.393486
vt 0.467140 0.391942
vt 0.467133 0.390406
vt 0.467126 0.388930
vt 0.467121 0.387570
vt 0.467116 0.386390
vt 0.467113 0.385463
vt 0.403491 0.532398
vt 0.403178 0.532398
vt 0.403178 0.550000
vt 0.403178 0.560073
vt 0.403491 0.560073
vt 0.290447 0.522489
vt 0.291244 0.522424
vt 0.292011 0.522231
vt 0.292717 0.521919
vt 0.293337 0.521499
vt 0.293845 0.520987
vt 0.294223 0.520404
vt 0.294455 0.519770
vt 0.294534 0.519111
vt 0.294455 0.518452
vt 0.294223 0.517819
vt 0.293845 0.517235
vt 0.293337 0.516723
vt 0.292717 0.516303
vt 0.292011 0.515991
vt 0.291244 0.515798
vt 0.290447 0.515734
vt 0.467830 0.532398
vt 0.500000 0.473422
vt 0.500000 0.473721
vt 0.500000 0.474417
vt 0.500000 0.475282
vt 0.500000 0.476282
vt 0.500000 0.477379
vt 0.500000 0.478531
vt 0.500000 0.479693
vt 0.500000 0.480821
vt 0.500000 0.481872
vt 0.500000 0.482804
vt 0.500000 0.483582
vt 0.500000 0.483734
vt 0.500000 0.532398
vt 0.298193 0.625000
vt 0.298163 0.624776
vt 0.297930 0.624217
vt 0.297553 0.623703
vt 0.297044 0.623252
vt 0.296425 0.622882
vt 0.295718 0.622607
vt 0.294952 0.622438
vt 0.294154 0.622381
vt 0.293357 0.622438
vt 0.292590 0.622607
vt 0.291884 0.622882
vt 0.291265 0.623252
vt 0.290756 0.623703
vt 0.290379 0.624217
vt 0.290146 0.624776
vt 0.290116 0.625000
vt 0.500000 0.413125
vt 0.500000 0.483301
vt 0.500000 0.483589
vt 0.500000 0.483755
vt 0.500000 0.483694
vt 0.500000 0.483409
vt 0.500000 0.482911
vt 0.500000 0.482218
vt 0.500000 0.481358
vt 0.500000 0.480364
vt 0.500000 0.479273
vt 0.500000 0.478127
vt 0.500000 0.476972
vt 0.500000 0.475850
vt 0.500000 0.474806
vt 0.500000 0.473878
vt 0.500000 0.473104
vt 0.500000 0.472513
vt 0.500000 0.472126
vt 0.500000 0.471960
vt 0.500000 0.472021
vt 0.500000 0.472306
vt 0.500000 0.472804
vt 0.500000 0.473084
vt 0.467699 0.462287
vt 0.467689 0.462614
vt 0.467680 0.463113
vt 0.467673 0.463769
vt 0.467670 0.464558
vt 0.467669 0.465451
vt 0.467672 0.466411
vt 0.467677 0.467398
vt 0.467684 0.468369
vt 0.467693 0.469281
vt 0.467702 0.470095
vt 0.467712 0.470773
vt 0.467722 0.471287
vt 0.467731 0.471616
vt 0.467739 0.471749
vt 0.467747 0.471684
vt 0.467753 0.471431
vt 0.467195 0.401110
vt 0.467195 0.401277
vt 0.467193 0.401105
vt 0.467189 0.400625
vt 0.467185 0.399877
vt 0.467179 0.398900
vt 0.467172 0.397734
vt 0.467164 0.396417
vt 0.467156 0.394984
vt 0.467148 0.393475
vt 0.467140 0.391930
vt 0.467133 0.390395
vt 0.467126 0.388918
vt 0.467121 0.387558
vt 0.467116 0.386378
vt 0.467113 0.385450
vt 0.467112 0.384849
vt 0.275000 0.585265
vt 0.250000 0.585265
vt 0.297446 0.600000
vt 0.297446 0.585265
vt 0.500000 0.473422
vt 0.500000 0.473723
vt 0.500000 0.474420
vt 0.500000 0.475285
vt 0.500000 0.476285
vt 0.500000 0.477382
vt 0.500000 0.478534
vt 0.500000 0.479696
vt 0.500000 0.480824
vt 0.500000 0.481874
vt 0.500000 0.482807
vt 0.500000 0.483585
vt 0.500000 0.483739
vt 0.275000 0.609544
vt 0.297446 0.609544
vt 0.500000 0.413125
vt 0.500000 0.483306
vt 0.500000 0.483592
vt 0.500000 0.483758
vt 0.500000 0.483698
vt 0.500000 0.483413
vt 0.500000 0.482914
vt 0.500000 0.482222
vt 0.500000 0.481362
vt 0.500000 0.480367
vt 0.500000 0.479276
vt 0.500000 0.478131
vt 0.500000 0.476975
vt 0.500000 0.475854
vt 0.500000 0.474809
vt 0.500000 0.473882
vt 0.500000 0.473108
vt 0.500000 0.472516
vt 0.500000 0.472130
vt 0.500000 0.471964
vt 0.500000 0.472025
vt 0.500000 0.472310
vt 0.500000 0.472808
vt 0.500000 0.473084
vt 0.400487 0.600000
vt 0.399890 0.601293
vt 0.400586 0.602799
vt 0.402646 0.604248
vt 0.403491 0.604585
vt 0.403491 0.598001
vt 0.402646 0.598338
vt 0.400586 0.599787
vt 0.467830 0.593571
vt 0.436100 0.593571
vt 0.429036 0.593720
vt 0.422243 0.594159
vt 0.415983 0.594873
vt 0.410496 0.595833
vt 0.405992 0.597003
vt 0.467753 0.471430
vt 0.467747 0.471684
vt 0.467740 0.471748
vt 0.467731 0.471615
vt 0.467722 0.471286
vt 0.467712 0.470772
vt 0.467702 0.470094
vt 0.467693 0.469280
vt 0.467684 0.468368
vt 0.467677 0.467397
vt 0.467672 0.466410
vt 0.467669 0.465450
vt 0.467670 0.464557
vt 0.467673 0.463768
vt 0.467680 0.463113
vt 0.467689 0.462614
vt 0.467699 0.462286
vt 0.500000 0.593571
vt 0.467113 0.385450
vt 0.467116 0.386377
vt 0.467121 0.387558
vt 0.467126 0.388918
vt 0.467133 0.390394
vt 0.467140 0.391930
vt 0.467148 0.393475
vt 0.467156 0.394984
vt 0.467164 0.396416
vt 0.467172 0.397734
vt 0.467179 0.398900
vt 0.467185 0.399876
vt 0.467189 0.400625
vt 0.467193 0.401104
vt 0.467195 0.401277
vt 0.263949 0.585265
vt 0.263949 0.600000
vt 0.403491 0.605300
vt 0.401258 0.604910
vt 0.396300 0.603622
vt 0.392616 0.602152
vt 0.390347 0.600557
vt 0.390090 0.600000
vt 0.389581 0.598899
vt 0.390347 0.597240
vt 0.392616 0.595645
vt 0.396300 0.594176
vt 0.401258 0.592887
vt 0.403491 0.592497
vt 0.407300 0.591830
vt 0.414192 0.591044
vt 0.421671 0.590561
vt 0.429449 0.590397
vt 0.467830 0.590397
vt 0.500000 0.483738
vt 0.500000 0.483584
vt 0.500000 0.482806
vt 0.500000 0.481873
vt 0.500000 0.480823
vt 0.500000 0.479695
vt 0.500000 0.478533
vt 0.500000 0.477381
vt 0.500000 0.476284
vt 0.500000 0.475284
vt 0.500000 0.474419
vt 0.500000 0.473722
vt 0.500000 0.473421
vt 0.500000 0.590397
vt 0.290068 0.624644
vt 0.290146 0.624063
vt 0.290379 0.623505
vt 0.290756 0.622991
vt 0.291265 0.622540
vt 0.291884 0.622170
vt 0.292590 0.621895
vt 0.293357 0.621726
vt 0.294154 0.621669
vt 0.294952 0.621726
vt 0.295718 0.621895
vt 0.296425 0.622170
vt 0.297044 0.622540
vt 0.297553 0.622991
vt 0.297930 0.623505
vt 0.298163 0.624063
vt 0.298241 0.624644
vt 0.500000 0.413125
vt 0.500000 0.413125
vt 0.500000 0.473083
vt 0.500000 0.472807
vt 0.500000 0.472309
vt 0.500000 0.472024
vt 0.500000 0.471963
vt 0.500000 0.472129
vt 0.500000 0.472515
vt 0.500000 0.473107
vt 0.500000 0.473881
vt 0.500000 0.474808
vt 0.500000 0.475853
vt 0.500000 0.476974
vt 0.500000 0.478130
vt 0.500000 0.479275
vt 0.500000 0.480366
vt 0.500000 0.481361
vt 0.500000 0.482221
vt 0.500000 0.482913
vt 0.500000 0.483412
vt 0.500000 0.483697
vt 0.500000 0.483757
vt 0.500000 0.483591
vt 0.500000 0.483305
vt 0.250000 0.609544
vt 0.263949 0.609544
vt 0.353343 0.615139
vt 0.353147 0.615697
vt 0.352829 0.616212
vt 0.352400 0.616663
vt 0.351878 0.617032
vt 0.351282 0.617307
vt 0.350636 0.617477
vt 0.349964 0.617534
vt 0.349291 0.617477
vt 0.348645 0.617307
vt 0.348049 0.617032
vt 0.347527 0.616662
vt 0.347098 0.616212
vt 0.346780 0.615697
vt 0.346584 0.615139
vt 0.346584 0.555758
vt 0.353343 0.555758
vt 0.353147 0.556317
vt 0.352829 0.556831
vt 0.352400 0.557282
vt 0.351878 0.557652
vt 0.351282 0.557927
vt 0.350636 0.558096
vt 0.349964 0.558153
vt 0.349291 0.558096
vt 0.348645 0.557927
vt 0.348049 0.557652
vt 0.347527 0.557282
vt 0.347098 0.556831
vt 0.346780 0.556317
vt 0.289650 0.515798
vt 0.288883 0.515991
vt 0.288176 0.516303
vt 0.287557 0.516723
vt 0.287049 0.517235
vt 0.286671 0.517819
vt 0.286438 0.518452
vt 0.286360 0.519111
vt 0.286438 0.519770
vt 0.286671 0.520404
vt 0.287049 0.520988
vt 0.287557 0.521499
vt 0.288176 0.521919
vt 0.288883 0.522231
vt 0.289649 0.522424
vt 0.781250 0.652663
vt 0.781250 0.736841
vt 0.770755 0.737014
vt 0.750000 0.737357
vt 0.750000 0.653179
vt 0.937500 0.650509
vt 0.937500 0.727989
vt 0.906250 0.727989
vt 0.906250 0.650509
vt 0.968750 0.650509
vt 0.968750 0.727989
vt 0.687500 0.651135
vt 0.687500 0.735313
vt 0.656250 0.732832
vt 0.656250 0.650509
vt 0.679613 0.650509
vt 0.500000 0.560073
vt 0.500000 0.566028
vt 0.886548 0.727989
vt 0.875000 0.729493
vt 0.875000 0.650509
vt 0.467758 0.471004
vt 0.467763 0.470427
vt 0.467767 0.469725
vt 0.467770 0.468927
vt 0.467772 0.468066
vt 0.467773 0.467171
vt 0.467773 0.466273
vt 0.467771 0.465403
vt 0.467768 0.464588
vt 0.467762 0.463854
vt 0.467755 0.463226
vt 0.467746 0.462723
vt 0.467735 0.462365
vt 0.467723 0.462166
vt 0.467711 0.462138
vt 0.625000 0.729493
vt 0.625000 0.650509
vt 0.467830 0.560073
vt 0.500000 0.650509
vt 0.500000 0.727989
vt 0.500000 0.727989
vt 0.500000 0.650509
vt 0.718750 0.652663
vt 0.718750 0.736841
vt 0.467711 0.462139
vt 0.467723 0.462167
vt 0.467735 0.462366
vt 0.467746 0.462725
vt 0.467755 0.463227
vt 0.467762 0.463856
vt 0.467768 0.464589
vt 0.467771 0.465405
vt 0.467773 0.466275
vt 0.467773 0.467172
vt 0.467772 0.468067
vt 0.467770 0.468929
vt 0.467767 0.469726
vt 0.467763 0.470428
vt 0.467758 0.471006
vt 0.467711 0.462137
vt 0.467723 0.462165
vt 0.467735 0.462364
vt 0.467746 0.462722
vt 0.467755 0.463224
vt 0.467762 0.463853
vt 0.467768 0.464587
vt 0.467771 0.465402
vt 0.467773 0.466272
vt 0.467773 0.467169
vt 0.467772 0.468064
vt 0.467770 0.468926
vt 0.467767 0.469723
vt 0.467763 0.470425
vt 0.467758 0.471003
vt 0.723180 0.652736
vt 1.000000 0.709347
vt 1.000000 0.760988
vt 0.696893 0.760988
vt 0.500000 0.760988
vt 0.500000 0.709346
vt 0.844956 0.709346
vt 1.000000 0.727989
vt 1.000000 0.650509
vt 1.000000 0.650509
vt 1.000000 0.650509
vt 0.843750 0.650509
vt 0.843750 0.732832
vt 0.812500 0.735313
vt 0.812500 0.651135
vt 0.820387 0.650509
vt 0.500000 0.609014
vt 0.500000 0.607400
vt 0.405992 0.605583
vt 0.410496 0.606753
vt 0.415983 0.607713
vt 0.422243 0.608426
vt 0.429036 0.608866
vt 0.436100 0.609014
vt 0.467830 0.609014
vt 0.562500 0.650509
vt 0.562500 0.727989
vt 0.531250 0.727989
vt 0.531250 0.650509
vt 0.467830 0.607400
vt 0.429449 0.607400
vt 0.421671 0.607236
vt 0.414192 0.606753
vt 0.407300 0.605967
vt 0.613452 0.727989
vt 0.593750 0.727989
vt 0.593750 0.650509
vt 0.500000 0.760848
vt 0.500000 0.760848
vt 0.500000 0.760848
vt 0.500000 0.709346
vt 0.500000 0.709346
vt 1.000000 0.760848
vt 1.000000 0.760848
vt 1.000000 0.760848
vt 0.467758 0.471004
vt 0.467763 0.470426
vt 0.467767 0.469724
vt 0.467770 0.468927
vt 0.467772 0.468065
vt 0.467773 0.467170
vt 0.467773 0.466273
vt 0.467771 0.465402
vt 0.467768 0.464587
vt 0.467762 0.463854
vt 0.467755 0.463225
vt 0.467746 0.462723
vt 0.467735 0.462364
vt 0.467723 0.462165
vt 0.467711 0.462137
s 0
f 2/1/1 3/1/1 4/1/1 5/1/1 6/1/1 7/1/1 8/1/1 9/1/1 10/1/1 11/1/1 12/1/1 13/1/1 14/1/1 15/1/1 16/1/1 17/1/1 18/1/1 19/1/1 20/1/1 21/1/1 22/1/1 23/1/1 24/1/1 25/1/1 26/1/1 27/1/1 28/1/1 29/1/1 30/1/1 31/1/1 32/1/1 1/1/1
f 34/1/1 35/1/1 36/1/1 37/1/1 38/1/1 39/1/1 40/1/1 41/1/1 42/1/1 43/1/1 44/1/1 45/1/1 46/1/1 47/1/1 48/1/1 49/1/1 50/1/1 51/1/1 52/1/1 53/1/1 54/1/1 55/1/1 56/1/1 57/1/1 58/1/1 59/1/1 60/1/1 61/1/1 62/1/1 63/1/1 64/1/1 33/1/1
f 66/1/1 67/1/1 68/1/1 69/1/1 70/1/1 71/1/1 72/1/1 73/1/1 74/1/1 75/1/1 76/1/1 77/1/1 78/1/1 79/1/1 80/1/1 81/1/1 82/1/1 83/1/1 84/1/1 85/1/1 86/1/1 87/1/1 88/1/1 89/1/1 90/1/1 91/1/1 92/1/1 93/1/1 94/1/1 95/1/1 96/1/1 65/1/1
f 98/1/1 99/1/1 100/1/1 101/1/1 102/1/1 103/1/1 104/1/1 105/1/1 106/1/1 107/1/1 108/1/1 109/1/1 110/1/1 111/1/1 112/1/1 113/1/1 114/1/1 115/1/1 116/1/1 117/1/1 118/1/1 119/1/1 120/1/1 121/1/1 122/1/1 123/1/1 124/1/1 125/1/1 126/1/1 127/1/1 128/1/1 97/1/1
f 129/1/1 130/2/1 132/3/1 131/4/1
f 132/3/2 1000/3/2 1001/5/2 1002/6/2 1003/4/2 131/4/2
f 129/1/3 1004/1/3 1007/7/3 1006/8/3 1005/2/3 130/2/3
f 130/2/4 1005/2/4 1008/9/4 1000/3/4 132/3/4
f 131/4/5 1003/4/5 1009/10/5 1004/1/5 129/1/5
f 133/11/6 244/12/6 265/13/6 134/14/6
f 253/15/7 268/16/7 264/17/7 243/18/7
f 297/19/6 137/20/6 152/21/6 292/22/6
f 267/23/6 247/24/6 285/25/6 289/26/6
f 250/27/8 273/28/8 298/29/8 291/30/8
f 294/31/6 147/32/6 156/33/6 301/34/6
f 256/35/9 270/36/9 277/37/9
f 161/38/6 304/39/6 244/12/6
f 135/40/10 138/41/10 140/42/10 139/43/10
f 138/41/11 142/44/11 143/45/11 140/42/11
f 136/46/12 141/47/12 143/45/12 142/44/12
f 141/47/13 145/48/13 146/49/13 143/45/13
f 137/20/14 144/50/14 146/49/14 145/48/14
f 144/50/15 139/51/15 140/52/15 146/49/15
f 140/52/16 143/53/16 146/49/16
f 164/54/17 136/46/17 142/44/17 165/55/17
f 165/55/18 142/44/18 138/41/18 166/56/18
f 175/57/19 330/58/19 350/59/19 179/57/19
f 152/21/20 137/20/20 145/48/20 154/60/20
f 154/60/21 145/48/21 141/47/21 153/61/21
f 153/61/22 141/47/22 136/46/22 151/62/22
f 137/20/23 297/19/23 279/63/23 144/50/23
f 271/64/2 332/65/2 330/58/2 135/40/2
f 156/33/24 147/32/24 149/66/24 157/67/24
f 157/67/21 149/66/21 150/68/21 158/69/21
f 158/69/25 150/68/25 148/70/25 159/71/25
f 147/32/24 152/21/24 154/60/24 149/66/24
f 149/66/21 154/60/21 153/61/21 150/68/21
f 150/68/25 153/61/25 151/62/25 148/70/25
f 134/14/6 265/13/6 282/72/6 155/73/6
f 295/74/26 300/75/26 286/76/26 246/77/26
f 292/22/6 152/21/6 147/32/6 294/31/6
f 304/39/6 161/38/6 163/78/6 309/79/6
f 139/43/27 276/80/27 271/64/27 135/40/27
f 252/81/6 249/82/6 247/24/6 267/23/6
f 262/83/28 317/84/28 322/85/28 255/86/28
f 258/87/29 274/88/29 249/82/29 252/81/29
f 312/89/30 162/90/30 160/91/30 306/92/30
f 317/93/31 170/94/31 171/95/31 322/96/31
f 160/91/32 340/97/32 342/98/32 306/92/32
f 144/50/33 279/63/33 276/99/33 139/51/33
f 259/100/7 303/101/7 310/102/7
f 256/103/34 277/104/34 273/105/34
f 277/106/35 280/107/35 273/108/35
f 324/109/36 333/110/36 270/36/36 256/111/36
f 268/16/7 288/112/7 283/113/7 264/17/7
f 259/100/37 310/102/37 313/114/37
f 261/115/38 307/116/38 344/117/38 315/118/38
f 261/119/39 259/120/39 313/121/39
f 148/70/4 168/122/4 169/123/4 159/71/4
f 226/124/3 227/125/3 359/126/3 355/127/3
f 173/128/18 165/55/18 166/56/18 174/129/18
f 172/130/17 164/54/17 165/55/17 173/128/17
f 307/116/40 261/131/40 313/121/40
f 170/94/2 317/132/2 352/133/2 180/94/2
f 309/79/41 163/78/41 162/134/41 312/135/41
f 274/136/42 258/137/42 262/83/42 255/86/42
f 151/62/4 167/138/4 168/122/4 148/70/4
f 280/107/43 298/139/43 273/140/43
f 136/46/4 164/54/4 167/138/4 151/62/4
f 174/129/44 166/56/44 330/58/44 175/57/44
f 166/56/44 138/41/44 135/40/44 330/58/44
f 171/95/45 179/57/45 350/59/45 322/141/45
f 323/142/6 349/143/6 1383/144/6 1393/145/6 1523/146/6 1527/147/6 1525/148/6 1555/149/6 1569/150/6 1579/151/6 1593/152/6 1581/153/6 1571/154/6 1557/155/6 1531/156/6 1529/157/6 1533/158/6 1417/159/6 1415/160/6 334/161/6
f 259/162/7 253/15/7 243/18/7 303/163/7
f 291/30/26 295/74/26 246/77/26 250/27/26
f 164/54/4 172/130/4 176/164/4 167/138/4
f 167/138/4 176/164/4 177/165/4 168/122/4
f 353/166/46 316/167/46 343/168/46 339/169/46 1429/170/46 1437/171/46 1431/172/46 1439/173/46 1433/174/46 1427/175/46 1425/176/46 1421/177/46 1419/178/46 1423/179/46 1535/180/46 1537/181/46 1541/182/46 1559/183/46 1573/184/46 1583/185/46 1595/186/46
f 168/122/4 177/165/4 178/187/4 169/123/4
f 183/11/1 184/14/1 182/188/1 181/189/1
f 214/190/1 1068/191/1 1048/192/1 1071/193/1 1047/194/1 1056/195/1 1057/196/1 1058/197/1 1043/198/1 1030/199/1 1031/200/1 1046/201/1 1019/202/1 1018/203/1 1025/204/1 1024/205/1 1015/206/1 1014/207/1 205/21/1
f 216/208/1 214/190/1 205/21/1 187/20/1
f 185/40/47 189/43/47 190/42/47 188/41/47
f 188/41/48 190/42/48 193/45/48 192/44/48
f 186/46/49 192/44/49 193/45/49 191/47/49
f 191/47/50 193/45/50 196/49/50 195/48/50
f 187/20/51 195/48/51 196/49/51 194/50/51
f 194/50/52 196/49/52 190/52/52 189/51/52
f 190/52/53 196/49/53 193/53/53
f 228/54/54 229/55/54 192/44/54 186/46/54
f 229/55/55 230/56/55 188/41/55 192/44/55
f 230/56/56 231/58/56 185/40/56 188/41/56
f 205/21/57 207/60/57 195/48/57 187/20/57
f 207/60/58 206/61/58 191/47/58 195/48/58
f 206/61/59 204/62/59 186/46/59 191/47/59
f 194/50/60 189/51/60 198/209/60 199/210/60
f 189/43/61 185/40/61 197/211/61 198/212/61
f 210/33/62 211/67/62 202/66/62 200/32/62
f 211/67/58 212/69/58 203/68/58 202/66/58
f 212/69/63 213/71/63 201/70/63 203/68/63
f 200/32/62 202/66/62 207/60/62 205/21/62
f 202/66/58 203/68/58 206/61/58 207/60/58
f 203/68/63 201/70/63 204/62/63 206/61/63
f 187/20/64 194/50/64 199/210/64 216/208/64
f 215/213/1 217/214/1 1070/215/1 1069/216/1 1063/217/1 1067/218/1 1065/219/1 1060/220/1 1059/221/1 1041/222/1 1037/223/1 1042/224/1 1032/225/1 1028/226/1 1027/227/1 1029/228/1 1017/229/1 1012/230/1 1011/231/1 210/33/1 200/32/1
f 184/14/1 209/73/1 208/232/1 182/188/1
f 218/233/65 220/234/65 225/78/65 223/38/65
f 220/234/66 221/235/66 224/134/66 225/78/66
f 221/236/67 219/237/67 222/91/67 224/90/67
f 201/70/5 213/71/5 235/123/5 234/122/5
f 372/57/1 368/238/1 175/57/1
f 368/239/1 365/240/1 174/129/1
f 366/241/55 369/242/55 230/56/55 229/55/55
f 215/213/1 214/190/1 181/189/1 182/188/1
f 239/124/68 236/243/68 237/244/68 226/124/68
f 222/91/69 219/237/69 237/244/69 236/243/69
f 216/208/1 218/233/1 181/189/1 214/190/1
f 204/62/5 201/70/5 234/122/5 232/138/5
f 197/211/3 185/40/3 231/58/3 233/245/3
f 186/46/5 204/62/5 232/138/5 228/54/5
f 375/246/1 372/57/1 175/57/1
f 358/247/1 375/248/1 1394/249/1 1384/250/1 1380/251/1 1395/252/1 1401/253/1 1397/254/1 1403/255/1 1407/256/1 1399/257/1 1405/258/1 1409/259/1 1411/260/1 1414/261/1 171/95/1
f 227/125/1 233/245/1 231/58/1 238/58/1
f 359/262/70 227/125/70 238/58/70 374/263/70
f 223/38/1 183/11/1 181/189/1
f 223/38/1 181/189/1 218/233/1
f 172/130/71 361/130/71 363/264/71 240/164/71 176/164/71
f 232/138/5 234/122/5 241/165/5 240/164/5
f 356/265/1 358/266/1 170/94/1
f 234/122/5 235/123/5 242/187/5 241/165/5
f 215/213/1 182/188/1 208/232/1 217/214/1
f 199/210/72 220/234/72 218/233/72 216/208/72
f 198/209/73 221/235/73 220/234/73 199/210/73
f 197/211/74 219/237/74 221/236/74 198/209/74
f 237/244/75 219/237/75 197/211/75 233/245/75
f 227/125/76 226/124/76 237/244/76 233/245/76
f 177/165/77 241/165/77 242/187/77 178/187/77
f 176/164/77 240/164/77 241/165/77 177/165/77
f 365/267/1 361/130/1 172/130/1
f 362/130/54 366/241/54 229/55/54 228/54/54
f 180/94/1 1594/94/1 1582/268/1 1572/269/1 1558/270/1 1540/271/1 1536/272/1 1534/273/1 1422/268/1 1418/94/1 1420/272/1 1424/274/1 1426/270/1 1432/273/1 1438/270/1 1430/270/1 1436/94/1 1428/94/1 377/94/1 356/94/1
f 355/127/3 378/275/3 239/124/3 226/124/3
f 170/94/1 180/94/1 356/94/1
f 175/57/1 179/57/1 375/246/1
f 175/57/1 368/276/1 174/129/1
f 173/128/1 174/129/1 365/277/1
f 371/278/78 374/278/78 238/58/78 231/58/78
f 228/54/5 232/138/5 240/164/5 363/264/5 362/130/5
f 170/94/1 358/279/1 171/95/1
f 172/130/1 173/128/1 365/280/1
f 179/57/1 171/95/1 1414/281/1 1413/282/1 1416/283/1 1532/284/1 1528/285/1 1530/286/1 1556/287/1 1570/288/1 1580/289/1 1592/290/1 1578/291/1 1568/292/1 1554/293/1 1524/294/1 1526/295/1 1522/296/1 1392/297/1 1382/298/1 1386/299/1 1378/300/1 1390/301/1 1388/302/1 1394/303/1 375/304/1
f 369/242/56 371/278/56 231/58/56 230/56/56
f 315/118/79 318/305/79 319/306/79 321/307/79
f 316/167/80 320/124/80 319/306/80 318/305/80
f 317/84/81 321/307/81 319/306/81 320/308/81
f 322/141/82 325/309/82 326/310/82 328/125/82
f 323/142/83 327/311/83 326/310/83 325/309/83
f 324/109/84 328/125/84 326/310/84 327/312/84
f 332/65/85 335/313/85 336/314/85 338/315/85
f 333/110/86 337/316/86 336/314/86 335/317/86
f 334/161/87 338/315/87 336/314/87 337/318/87
f 342/98/88 345/319/88 346/320/88 348/321/88
f 343/168/89 347/322/89 346/320/89 345/319/89
f 344/117/90 348/321/90 346/320/90 347/322/90
f 361/323/1 364/324/1 363/130/1
f 364/324/1 362/130/1 363/130/1
f 250/27/91 246/77/91 248/325/91 251/326/91
f 251/326/92 248/325/92 247/24/92 249/82/92
f 262/83/93 258/137/93 260/327/93 263/328/93
f 263/329/94 260/330/94 259/120/94 261/119/94
f 317/84/95 262/83/95 263/331/95 321/307/95
f 321/307/96 263/331/96 261/115/96 315/118/96
f 258/87/97 252/81/97 254/332/97 260/333/97
f 260/333/98 254/332/98 253/15/98 259/162/98
f 252/81/99 267/23/99 269/334/99 254/332/99
f 254/332/100 269/334/100 268/16/100 253/15/100
f 271/64/101 276/80/101 278/335/101 272/211/101
f 272/211/102 278/336/102 277/37/102 270/36/102
f 276/99/103 279/63/103 281/210/103 278/209/103
f 278/209/104 281/210/104 280/107/104 277/106/104
f 256/103/105 273/105/105 275/337/105 257/338/105
f 257/338/106 275/337/106 274/136/106 255/86/106
f 273/28/107 250/27/107 251/326/107 275/339/107
f 275/339/108 251/326/108 249/82/108 274/88/108
f 246/77/91 286/76/91 287/340/91 248/325/91
f 248/325/92 287/340/92 285/25/92 247/24/92
f 267/23/109 289/26/109 290/341/109 269/334/109
f 269/334/110 290/341/110 288/112/110 268/16/110
f 279/63/111 297/19/111 299/342/111 281/210/111
f 281/210/112 299/342/112 298/139/112 280/107/112
f 292/22/113 294/31/113 296/213/113 293/190/113
f 293/190/114 296/213/114 295/74/114 291/30/114
f 297/19/115 292/22/115 293/190/115 299/208/115
f 299/208/116 293/190/116 291/30/116 298/29/116
f 294/31/117 301/34/117 302/214/117 296/213/117
f 296/213/118 302/214/118 300/75/118 295/74/118
f 304/39/119 309/79/119 311/234/119 305/343/119
f 305/343/120 311/234/120 310/102/120 303/101/120
f 309/79/121 312/135/121 314/235/121 311/234/121
f 311/234/122 314/236/122 313/114/122 310/102/122
f 312/89/123 306/92/123 308/344/123 314/345/123
f 314/345/124 308/344/124 307/116/124 313/121/124
f 244/12/125 304/39/125 305/233/125 245/189/125
f 245/189/126 305/346/126 303/163/126 243/18/126
f 344/117/127 307/116/127 308/344/127 348/321/127
f 348/321/128 308/344/128 306/92/128 342/98/128
f 243/18/129 264/17/129 266/347/129 245/189/129
f 245/189/130 266/347/130 265/13/130 244/12/130
f 282/72/131 265/13/131 266/347/131 284/232/131
f 284/232/132 266/347/132 264/17/132 283/113/132
f 255/86/133 322/85/133 328/125/133 257/338/133
f 257/338/134 328/125/134 324/109/134 256/111/134
f 270/36/135 333/110/135 335/348/135 272/349/135
f 272/349/136 335/348/136 332/65/136 271/64/136
f 333/110/137 324/109/137 327/350/137 337/351/137
f 337/351/138 327/350/138 323/142/138 334/161/138
f 343/168/139 316/167/139 318/305/139 347/322/139
f 347/322/140 318/305/140 315/118/140 344/117/140
f 339/169/141 343/168/141 345/319/141 341/352/141
f 341/352/142 345/319/142 342/98/142 340/97/142
f 334/161/143 329/353/143 331/354/143 338/315/143
f 338/315/144 331/354/144 330/58/144 332/65/144
f 329/353/145 349/143/145 351/355/145 331/354/145
f 331/354/146 351/355/146 350/59/146 330/58/146
f 322/141/147 350/59/147 351/355/147 325/309/147
f 325/309/148 351/355/148 349/143/148 323/142/148
f 316/167/149 353/166/149 354/124/149 320/124/149
f 320/124/150 354/124/150 352/133/150 317/132/150
f 375/248/1 358/247/1 360/95/1 376/57/1
f 376/57/1 360/95/1 359/262/1 374/263/1
f 372/57/1 375/246/1 376/57/1 373/57/1
f 373/57/1 376/57/1 374/278/1 371/278/1
f 358/266/1 356/265/1 357/94/1 360/95/1
f 360/95/1 357/94/1 355/127/1 359/126/1
f 361/130/1 365/267/1 367/128/1 364/324/1
f 364/324/1 367/128/1 366/241/1 362/130/1
f 365/240/1 368/239/1 370/129/1 367/128/1
f 367/128/1 370/129/1 369/242/1 366/241/1
f 368/238/1 372/57/1 373/356/1 370/129/1
f 370/129/1 373/356/1 371/278/1 369/242/1
f 161/38/6 244/12/6 133/11/6
f 133/11/6 134/14/6 489/13/6 468/12/6
f 477/15/151 467/18/151 488/17/151 492/16/151
f 521/19/6 516/22/6 396/21/6 381/20/6
f 491/23/6 513/26/6 509/25/6 471/24/6
f 474/27/152 515/30/152 522/29/152 497/28/152
f 518/31/6 525/34/6 399/33/6 391/32/6
f 480/35/153 501/37/153 494/36/153
f 161/38/6 468/12/6 528/39/6
f 379/40/154 383/43/154 384/42/154 382/41/154
f 382/41/155 384/42/155 387/45/155 386/44/155
f 380/46/156 386/44/156 387/45/156 385/47/156
f 385/47/157 387/45/157 390/49/157 389/48/157
f 381/20/158 389/48/158 390/49/158 388/50/158
f 388/50/159 390/49/159 384/52/159 383/51/159
f 384/52/160 390/49/160 387/53/160
f 403/54/161 404/55/161 386/44/161 380/46/161
f 404/55/162 405/56/162 382/41/162 386/44/162
f 413/57/163 416/57/163 571/59/163 554/58/163
f 396/21/164 398/60/164 389/48/164 381/20/164
f 398/60/165 397/61/165 385/47/165 389/48/165
f 397/61/166 395/62/166 380/46/166 385/47/166
f 381/20/23 388/50/23 503/63/23 521/19/23
f 495/64/2 379/40/2 554/58/2 556/65/2
f 399/33/167 400/67/167 393/66/167 391/32/167
f 400/67/165 401/69/165 394/68/165 393/66/165
f 401/69/168 402/71/168 392/70/168 394/68/168
f 391/32/167 393/66/167 398/60/167 396/21/167
f 393/66/165 394/68/165 397/61/165 398/60/165
f 394/68/168 392/70/168 395/62/168 397/61/168
f 134/14/6 155/73/6 506/72/6 489/13/6
f 519/74/169 470/77/169 510/76/169 524/75/169
f 516/22/6 518/31/6 391/32/6 396/21/6
f 528/39/6 533/79/6 163/78/6 161/38/6
f 383/43/27 379/40/27 495/64/27 500/80/27
f 476/81/6 491/23/6 471/24/6 473/82/6
f 486/83/170 479/86/170 546/85/170 541/84/170
f 482/87/171 476/81/171 473/82/171 498/88/171
f 536/89/172 530/92/172 160/91/172 162/90/172
f 541/93/173 546/96/173 409/95/173 408/94/173
f 160/91/174 530/92/174 563/98/174 340/97/174
f 388/50/33 383/51/33 500/99/33 503/63/33
f 483/100/151 534/102/151 527/101/151
f 480/103/175 497/105/175 501/104/175
f 501/106/176 497/108/176 504/107/176
f 548/109/177 480/111/177 494/36/177 557/110/177
f 492/16/151 488/17/151 507/113/151 512/112/151
f 483/100/178 537/114/178 534/102/178
f 485/115/179 539/118/179 565/117/179 531/116/179
f 485/119/180 537/121/180 483/120/180
f 392/70/5 402/71/5 407/123/5 406/122/5
f 454/124/3 573/127/3 577/126/3 455/125/3
f 411/128/162 412/129/162 405/56/162 404/55/162
f 410/130/161 411/128/161 404/55/161 403/54/161
f 531/116/181 537/121/181 485/131/181
f 408/94/2 180/94/2 352/133/2 541/132/2
f 533/79/182 536/135/182 162/134/182 163/78/182
f 498/136/183 479/86/183 486/83/183 482/137/183
f 395/62/5 392/70/5 406/122/5 1457/357/5 1456/358/5 1488/359/5
f 504/107/184 497/140/184 522/139/184
f 380/46/5 395/62/5 1488/359/5 1471/360/5 1474/361/5 403/54/5
f 412/129/185 413/57/185 554/58/185 405/56/185
f 405/56/185 554/58/185 379/40/185 382/41/185
f 409/95/186 546/141/186 571/59/186 416/57/186
f 547/142/6 558/161/6 1466/362/6 1464/363/6 1462/364/6 1547/365/6 1549/366/6 1563/367/6 1565/368/6 1587/369/6 1589/370/6 1591/371/6 1577/372/6 1567/373/6 1551/374/6 1553/375/6 1508/376/6 1510/377/6 1512/378/6 570/143/6
f 483/162/151 527/163/151 467/18/151 477/15/151
f 515/30/169 474/27/169 470/77/169 519/74/169
f 403/54/5 1474/361/5 1475/379/5 410/130/5
f 353/166/187 1595/186/187 1585/380/187 1575/381/187 1561/382/187 1539/383/187 1545/384/187 1543/385/187 1453/386/187 1455/387/187 1451/388/187 1449/389/187 1447/390/187 1445/391/187 1443/392/187 1441/393/187 1435/394/187 1429/170/187 339/169/187 564/168/187 540/167/187
f 406/122/5 407/123/5 415/187/5 414/165/5
f 183/11/1 417/189/1 418/188/1 184/14/1
f 446/190/1 438/21/1 434/32/1 447/213/1
f 448/208/1 421/20/1 438/21/1 446/190/1
f 419/40/188 422/41/188 424/42/188 423/43/188
f 422/41/189 426/44/189 427/45/189 424/42/189
f 420/46/190 425/47/190 427/45/190 426/44/190
f 425/47/191 429/48/191 430/49/191 427/45/191
f 421/20/192 428/50/192 430/49/192 429/48/192
f 428/50/193 423/51/193 424/52/193 430/49/193
f 424/52/194 427/53/194 430/49/194
f 456/54/195 420/46/195 426/44/195 457/55/195
f 457/55/196 426/44/196 422/41/196 458/56/196
f 458/56/197 422/41/197 419/40/197 459/58/197
f 438/21/198 421/20/198 429/48/198 440/60/198
f 440/60/199 429/48/199 425/47/199 439/61/199
f 439/61/200 425/47/200 420/46/200 1472/395/200 1473/396/200 1460/397/200
f 428/50/60 433/210/60 432/209/60 423/51/60
f 423/43/61 432/212/61 431/211/61 419/40/61
f 442/33/201 434/32/201 436/66/201 443/67/201
f 443/67/199 436/66/199 437/68/199 444/69/199
f 444/69/202 437/68/202 435/70/202 445/71/202
f 434/32/201 438/21/201 440/60/201 436/66/201
f 436/66/199 440/60/199 439/61/199 437/68/199
f 437/68/202 439/61/202 1460/397/202 1459/398/202 1458/399/202 435/70/202
f 421/20/64 448/208/64 433/210/64 428/50/64
f 447/213/1 434/32/1 442/33/1 449/214/1
f 184/14/1 418/188/1 441/232/1 209/73/1
f 450/233/65 223/38/65 225/78/65 452/234/65
f 452/234/203 225/78/203 224/134/203 453/235/203
f 453/236/204 224/90/204 222/91/204 451/237/204
f 435/70/4 461/122/4 462/123/4 445/71/4
f 590/57/1 413/57/1 586/238/1
f 586/239/1 412/129/1 583/240/1
f 584/241/196 457/55/196 458/56/196 587/242/196
f 447/213/1 418/188/1 417/189/1 446/190/1
f 239/124/205 454/124/205 463/244/205 236/243/205
f 222/91/206 236/243/206 463/244/206 451/237/206
f 448/208/1 446/190/1 417/189/1 1090/400/1 1106/401/1 1105/402/1 1104/403/1 1103/404/1 1102/405/1 1121/406/1 1122/407/1 1120/408/1 1118/409/1 1119/410/1 1100/411/1 1101/412/1 1099/413/1 1098/414/1 1097/415/1 1089/416/1 450/233/1
f 431/211/3 460/245/3 459/58/3 419/40/3
f 420/46/4 456/54/4 1477/417/4 1472/395/4
f 593/246/1 413/57/1 590/57/1
f 576/247/1 409/95/1 1478/418/1 1467/419/1 1469/420/1 1493/421/1 1495/422/1 1489/423/1 1491/424/1 1501/425/1 1503/426/1 1497/427/1 1499/428/1 1505/429/1 1521/430/1 593/248/1
f 455/125/1 464/58/1 459/58/1 460/245/1
f 577/262/207 592/263/207 464/58/207 455/125/207
f 223/38/1 417/189/1 183/11/1
f 223/38/1 450/233/1 417/189/1
f 410/130/208 1475/379/208 1476/431/208 581/264/208 579/130/208
f 574/265/1 408/94/1 576/266/1
f 461/122/4 465/165/4 466/187/4 462/123/4
f 447/213/1 449/214/1 1132/432/1 1130/433/1 1128/434/1 1129/435/1 1126/436/1 1125/437/1 1127/438/1 1124/439/1 1123/440/1 1107/441/1 1109/442/1 1108/443/1 1110/444/1 1111/445/1 1096/446/1 1094/447/1 1095/448/1 441/232/1 418/188/1
f 433/210/209 448/208/209 450/233/209 452/234/209
f 432/209/210 433/210/210 452/234/210 453/235/210
f 431/211/211 432/209/211 453/236/211 451/237/211
f 463/244/212 460/245/212 431/211/212 451/237/212
f 455/125/213 460/245/213 463/244/213 454/124/213
f 414/165/214 415/187/214 466/187/214 465/165/214
f 583/267/1 410/130/1 579/130/1
f 580/130/195 456/54/195 457/55/195 584/241/195
f 180/94/1 574/94/1 377/94/1 1428/94/1 1434/94/1 1440/270/1 1442/94/1 1444/449/1 1446/94/1 1448/270/1 1450/94/1 1454/272/1 1452/94/1 1542/94/1 1544/269/1 1538/94/1 1560/94/1 1574/94/1 1584/274/1 1594/94/1
f 573/127/3 454/124/3 239/124/3 378/275/3
f 408/94/1 574/94/1 180/94/1
f 413/57/1 593/246/1 416/57/1
f 413/57/1 412/129/1 586/276/1
f 411/128/1 583/277/1 412/129/1
f 589/278/215 459/58/215 464/58/215 592/278/215
f 456/54/4 580/130/4 581/264/4 1476/431/4 1477/417/4
f 408/94/1 409/95/1 576/279/1
f 410/130/1 583/280/1 411/128/1
f 416/57/1 593/304/1 1521/450/1 1519/451/1 1517/452/1 1515/453/1 1513/454/1 1511/455/1 1509/456/1 1507/457/1 1552/458/1 1550/459/1 1566/460/1 1576/461/1 1590/462/1 1588/463/1 1586/464/1 1564/465/1 1562/466/1 1548/467/1 1546/468/1 1461/469/1 1463/470/1 1465/471/1 1478/472/1 409/95/1
f 587/242/197 458/56/197 459/58/197 589/278/197
f 539/118/216 545/307/216 543/306/216 542/305/216
f 540/167/217 542/305/217 543/306/217 544/124/217
f 541/84/218 544/308/218 543/306/218 545/307/218
f 546/141/219 552/125/219 550/310/219 549/309/219
f 547/142/220 549/309/220 550/310/220 551/311/220
f 548/109/221 551/312/221 550/310/221 552/125/221
f 556/65/222 562/315/222 560/314/222 559/313/222
f 557/110/223 559/317/223 560/314/223 561/316/223
f 558/161/224 561/318/224 560/314/224 562/315/224
f 563/98/225 569/321/225 567/320/225 566/319/225
f 564/168/226 566/319/226 567/320/226 568/322/226
f 565/117/227 568/322/227 567/320/227 569/321/227
f 579/323/1 581/130/1 582/324/1
f 582/324/1 581/130/1 580/130/1
f 474/27/228 475/326/228 472/325/228 470/77/228
f 475/326/229 473/82/229 471/24/229 472/325/229
f 486/83/230 487/328/230 484/327/230 482/137/230
f 487/329/231 485/119/231 483/120/231 484/330/231
f 541/84/232 545/307/232 487/331/232 486/83/232
f 545/307/233 539/118/233 485/115/233 487/331/233
f 482/87/234 484/333/234 478/332/234 476/81/234
f 484/333/235 483/162/235 477/15/235 478/332/235
f 476/81/236 478/332/236 493/334/236 491/23/236
f 478/332/237 477/15/237 492/16/237 493/334/237
f 495/64/238 496/211/238 502/335/238 500/80/238
f 496/211/239 494/36/239 501/37/239 502/336/239
f 500/99/240 502/209/240 505/210/240 503/63/240
f 502/209/241 501/106/241 504/107/241 505/210/241
f 480/103/242 481/338/242 499/337/242 497/105/242
f 481/338/243 479/86/243 498/136/243 499/337/243
f 497/28/244 499/339/244 475/326/244 474/27/244
f 499/339/245 498/88/245 473/82/245 475/326/245
f 470/77/228 472/325/228 511/340/228 510/76/228
f 472/325/229 471/24/229 509/25/229 511/340/229
f 491/23/246 493/334/246 514/341/246 513/26/246
f 493/334/247 492/16/247 512/112/247 514/341/247
f 503/63/248 505/210/248 523/342/248 521/19/248
f 505/210/249 504/107/249 522/139/249 523/342/249
f 516/22/250 517/190/250 520/213/250 518/31/250
f 517/190/251 515/30/251 519/74/251 520/213/251
f 521/19/252 523/208/252 517/190/252 516/22/252
f 523/208/253 522/29/253 515/30/253 517/190/253
f 518/31/254 520/213/254 526/214/254 525/34/254
f 520/213/255 519/74/255 524/75/255 526/214/255
f 528/39/256 529/343/256 535/234/256 533/79/256
f 529/343/257 527/101/257 534/102/257 535/234/257
f 533/79/258 535/234/258 538/235/258 536/135/258
f 535/234/259 534/102/259 537/114/259 538/236/259
f 536/89/260 538/345/260 532/344/260 530/92/260
f 538/345/261 537/121/261 531/116/261 532/344/261
f 468/12/262 469/189/262 529/233/262 528/39/262
f 469/189/263 467/18/263 527/163/263 529/346/263
f 565/117/264 569/321/264 532/344/264 531/116/264
f 569/321/265 563/98/265 530/92/265 532/344/265
f 467/18/266 469/189/266 490/347/266 488/17/266
f 469/189/267 468/12/267 489/13/267 490/347/267
f 506/72/268 508/232/268 490/347/268 489/13/268
f 508/232/269 507/113/269 488/17/269 490/347/269
f 479/86/270 481/338/270 552/125/270 546/85/270
f 481/338/271 480/111/271 548/109/271 552/125/271
f 494/36/272 496/349/272 559/348/272 557/110/272
f 496/349/273 495/64/273 556/65/273 559/348/273
f 557/110/274 561/351/274 551/350/274 548/109/274
f 561/351/275 558/161/275 547/142/275 551/350/275
f 564/168/276 568/322/276 542/305/276 540/167/276
f 568/322/277 565/117/277 539/118/277 542/305/277
f 339/169/278 341/352/278 566/319/278 564/168/278
f 341/352/279 340/97/279 563/98/279 566/319/279
f 558/161/280 562/315/280 555/354/280 553/353/280
f 562/315/281 556/65/281 554/58/281 555/354/281
f 553/353/282 555/354/282 572/355/282 570/143/282
f 555/354/283 554/58/283 571/59/283 572/355/283
f 546/141/284 549/309/284 572/355/284 571/59/284
f 549/309/285 547/142/285 570/143/285 572/355/285
f 540/167/286 544/124/286 354/124/286 353/166/286
f 544/124/150 541/132/150 352/133/150 354/124/150
f 593/248/1 594/57/1 578/95/1 576/247/1
f 594/57/1 592/263/1 577/262/1 578/95/1
f 590/57/1 591/57/1 594/57/1 593/246/1
f 591/57/1 589/278/1 592/278/1 594/57/1
f 576/266/1 578/95/1 575/94/1 574/265/1
f 578/95/1 577/126/1 573/127/1 575/94/1
f 579/130/1 582/324/1 585/128/1 583/267/1
f 582/324/1 580/130/1 584/241/1 585/128/1
f 583/240/1 585/128/1 588/129/1 586/239/1
f 585/128/1 584/241/1 587/242/1 588/129/1
f 586/238/1 588/129/1 591/356/1 590/57/1
f 588/129/1 587/242/1 589/278/1 591/356/1
f 161/38/6 133/11/6 468/12/6
f 595/11/6 596/14/6 709/13/6 688/12/6
f 697/15/7 687/18/7 708/17/7 712/16/7
f 732/19/6 727/22/6 614/21/6 599/20/6
f 711/23/6 289/26/6 285/25/6 691/24/6
f 694/27/287 726/30/287 733/29/287 717/28/287
f 729/31/6 301/34/6 156/33/6 609/32/6
f 700/35/288 721/37/288 714/36/288
f 618/38/6 688/12/6 736/39/6
f 597/40/289 601/43/289 602/42/289 600/41/289
f 600/41/290 602/42/290 605/45/290 604/44/290
f 598/46/291 604/44/291 605/45/291 603/47/291
f 603/47/292 605/45/292 608/49/292 607/48/292
f 599/20/293 607/48/293 608/49/293 606/50/293
f 606/50/294 608/49/294 602/52/294 601/51/294
f 602/52/295 608/49/295 605/53/295
f 621/54/195 622/55/195 604/44/195 598/46/195
f 622/55/196 623/56/196 600/41/196 604/44/196
f 631/57/296 634/57/296 782/59/296 762/58/296
f 614/21/20 616/60/20 607/48/20 599/20/20
f 616/60/21 615/61/21 603/47/21 607/48/21
f 615/61/22 613/62/22 598/46/22 603/47/22
f 599/20/297 606/50/297 723/63/297 732/19/297
f 715/64/3 597/40/3 762/58/3 764/65/3
f 156/33/24 157/67/24 611/66/24 609/32/24
f 157/67/21 158/69/21 612/68/21 611/66/21
f 158/69/25 159/71/25 610/70/25 612/68/25
f 609/32/24 611/66/24 616/60/24 614/21/24
f 611/66/21 612/68/21 615/61/21 616/60/21
f 612/68/25 610/70/25 613/62/25 615/61/25
f 596/14/6 155/73/6 282/72/6 709/13/6
f 730/74/26 690/77/26 286/76/26 300/75/26
f 727/22/6 729/31/6 609/32/6 614/21/6
f 736/39/6 741/79/6 620/78/6 618/38/6
f 601/43/298 597/40/298 715/64/298 720/80/298
f 696/81/6 711/23/6 691/24/6 693/82/6
f 706/83/299 699/86/299 754/85/299 749/84/299
f 702/87/29 696/81/29 693/82/29 718/88/29
f 744/89/300 738/92/300 617/91/300 619/90/300
f 749/93/301 754/96/301 627/95/301 626/94/301
f 617/91/302 738/92/302 774/98/302 772/97/302
f 606/50/303 601/51/303 720/99/303 723/63/303
f 703/100/7 742/102/7 735/101/7
f 700/103/304 717/105/304 721/104/304
f 721/106/305 717/108/305 724/107/305
f 756/109/306 700/111/306 714/36/306 765/110/306
f 712/16/7 708/17/7 283/113/7 288/112/7
f 703/100/307 745/114/307 742/102/307
f 705/115/308 747/118/308 776/117/308 739/116/308
f 705/119/309 745/121/309 703/120/309
f 610/70/4 159/71/4 169/123/4 625/122/4
f 672/124/2 787/127/2 791/126/2 673/125/2
f 629/128/196 630/129/196 623/56/196 622/55/196
f 628/130/195 629/128/195 622/55/195 621/54/195
f 739/116/310 745/121/310 705/131/310
f 626/94/3 635/94/3 784/133/3 749/132/3
f 741/79/311 744/135/311 619/134/311 620/78/311
f 718/136/312 699/86/312 706/83/312 702/137/312
f 613/62/4 610/70/4 625/122/4 624/138/4
f 724/107/313 717/140/313 733/139/313
f 598/46/4 613/62/4 624/138/4 621/54/4
f 630/129/197 631/57/197 762/58/197 623/56/197
f 623/56/197 762/58/197 597/40/197 600/41/197
f 627/95/314 754/141/314 782/59/314 634/57/314
f 755/142/6 766/161/6 1180/473/6 1175/474/6 1173/475/6 1171/476/6 1157/477/6 1165/478/6 1163/479/6 1167/480/6 1169/481/6 1159/482/6 1161/483/6 1155/484/6 1143/485/6 1141/486/6 1146/487/6 1148/488/6 1144/489/6 781/143/6
f 703/162/7 735/163/7 687/18/7 697/15/7
f 726/30/26 694/27/26 690/77/26 730/74/26
f 621/54/4 624/138/4 632/164/4 628/130/4
f 624/138/4 625/122/4 633/165/4 632/164/4
f 785/166/315 1196/490/315 1198/491/315 1192/492/315 1190/493/315 1188/494/315 1200/495/315 1194/496/315 1186/497/315 1184/498/315 1202/499/315 1204/500/315 1292/501/315 1282/502/315 1294/503/315 1296/504/315 1327/505/315 1329/506/315 771/169/315 775/168/315 748/167/315
f 625/122/4 169/123/4 178/187/4 633/165/4
f 637/11/1 636/189/1 1006/507/1 1007/508/1
f 661/190/1 658/21/1 653/32/1 662/213/1
f 663/208/1 640/20/1 658/21/1 661/190/1
f 638/40/316 641/41/316 643/42/316 642/43/316
f 641/41/317 645/44/317 646/45/317 643/42/317
f 639/46/318 644/47/318 646/45/318 645/44/318
f 644/47/319 648/48/319 649/49/319 646/45/319
f 640/20/320 647/50/320 649/49/320 648/48/320
f 647/50/321 642/51/321 643/52/321 649/49/321
f 643/52/322 646/53/322 649/49/322
f 674/54/161 639/46/161 645/44/161 675/55/161
f 675/55/162 645/44/162 641/41/162 676/56/162
f 676/56/185 641/41/185 638/40/185 677/58/185
f 658/21/57 640/20/57 648/48/57 660/60/57
f 660/60/58 648/48/58 644/47/58 659/61/58
f 659/61/59 644/47/59 639/46/59 657/62/59
f 647/50/323 652/210/323 651/209/323 642/51/323
f 642/43/324 651/212/324 650/211/324 638/40/324
f 210/33/62 653/32/62 655/66/62 211/67/62
f 211/67/58 655/66/58 656/68/58 212/69/58
f 212/69/63 656/68/63 654/70/63 213/71/63
f 653/32/62 658/21/62 660/60/62 655/66/62
f 655/66/58 660/60/58 659/61/58 656/68/58
f 656/68/63 659/61/63 657/62/63 654/70/63
f 640/20/325 663/208/325 652/210/325 647/50/325
f 662/213/1 653/32/1 210/33/1 217/214/1
f 664/233/326 669/38/326 671/78/326 666/234/326
f 666/234/327 671/78/327 670/134/327 667/235/327
f 667/236/328 670/90/328 668/91/328 665/237/328
f 654/70/5 680/122/5 235/123/5 213/71/5
f 804/57/1 631/57/1 800/238/1
f 800/239/1 630/129/1 797/240/1
f 798/241/162 675/55/162 676/56/162 801/242/162
f 662/213/1 1008/509/1 1005/510/1 1006/507/1 636/189/1 661/190/1
f 684/124/329 672/124/329 682/244/329 681/243/329
f 668/91/330 681/243/330 682/244/330 665/237/330
f 663/208/1 661/190/1 636/189/1 664/233/1
f 657/62/5 678/138/5 680/122/5 654/70/5
f 650/211/2 679/245/2 677/58/2 638/40/2
f 639/46/5 674/54/5 678/138/5 657/62/5
f 807/246/1 631/57/1 804/57/1
f 790/247/1 627/95/1 1179/511/1 1177/512/1 1182/513/1 1280/514/1 1290/515/1 1317/516/1 1313/517/1 1325/518/1 1323/519/1 1335/520/1 1315/521/1 1276/522/1 1275/523/1 807/248/1
f 673/125/1 683/58/1 677/58/1 679/245/1
f 791/262/331 806/263/331 683/58/331 673/125/331
f 669/38/1 636/189/1 637/11/1
f 669/38/1 664/233/1 636/189/1
f 628/130/332 632/164/332 685/164/332 795/264/332 793/130/332
f 678/138/5 685/164/5 686/165/5 680/122/5
f 788/265/1 626/94/1 790/266/1
f 680/122/5 686/165/5 242/187/5 235/123/5
f 662/213/1 217/214/1 208/232/1 1001/524/1 1000/525/1 1008/509/1
f 652/210/333 663/208/333 664/233/333 666/234/333
f 651/209/334 652/210/334 666/234/334 667/235/334
f 650/211/335 651/209/335 667/236/335 665/237/335
f 682/244/336 679/245/336 650/211/336 665/237/336
f 673/125/337 679/245/337 682/244/337 672/124/337
f 633/165/77 178/187/77 242/187/77 686/165/77
f 632/164/77 633/165/77 686/165/77 685/164/77
f 797/267/1 628/130/1 793/130/1
f 794/130/161 674/54/161 675/55/161 798/241/161
f 635/94/1 788/94/1 809/94/1 1328/94/1 1326/272/1 1295/94/1 1293/94/1 1281/270/1 1291/94/1 1203/94/1 1201/272/1 1183/526/1 1185/94/1 1193/94/1 1199/273/1 1187/269/1 1189/273/1 1191/94/1 1197/270/1 1195/94/1
f 787/127/2 672/124/2 684/124/2 810/275/2
f 626/94/1 788/94/1 635/94/1
f 631/57/1 807/246/1 634/57/1
f 631/57/1 630/129/1 800/276/1
f 629/128/1 797/277/1 630/129/1
f 803/278/338 677/58/338 683/58/338 806/278/338
f 674/54/5 794/130/5 795/264/5 685/164/5 678/138/5
f 626/94/1 627/95/1 790/279/1
f 628/130/1 797/280/1 629/128/1
f 634/57/1 807/304/1 1275/527/1 1278/528/1 1288/529/1 1151/530/1 1153/531/1 1145/532/1 1149/533/1 1147/534/1 1140/535/1 1142/536/1 1154/537/1 1160/538/1 1158/539/1 1168/540/1 1166/541/1 1162/542/1 1164/543/1 1156/544/1 1170/545/1 1172/546/1 1174/547/1 1178/548/1 1179/549/1 627/95/1
f 801/242/185 676/56/185 677/58/185 803/278/185
f 747/118/339 753/307/339 751/306/339 750/305/339
f 748/167/340 750/305/340 751/306/340 752/124/340
f 749/84/341 752/308/341 751/306/341 753/307/341
f 754/141/342 760/125/342 758/310/342 757/309/342
f 755/142/343 757/309/343 758/310/343 759/311/343
f 756/109/344 759/312/344 758/310/344 760/125/344
f 764/65/345 770/315/345 768/314/345 767/313/345
f 765/110/346 767/317/346 768/314/346 769/316/346
f 766/161/347 769/318/347 768/314/347 770/315/347
f 774/98/348 780/321/348 778/320/348 777/319/348
f 775/168/349 777/319/349 778/320/349 779/322/349
f 776/117/350 779/322/350 778/320/350 780/321/350
f 793/323/1 795/130/1 796/324/1
f 796/324/1 795/130/1 794/130/1
f 694/27/91 695/326/91 692/325/91 690/77/91
f 695/326/92 693/82/92 691/24/92 692/325/92
f 706/83/351 707/328/351 704/327/351 702/137/351
f 707/329/352 705/119/352 703/120/352 704/330/352
f 749/84/353 753/307/353 707/331/353 706/83/353
f 753/307/354 747/118/354 705/115/354 707/331/354
f 702/87/97 704/333/97 698/332/97 696/81/97
f 704/333/98 703/162/98 697/15/98 698/332/98
f 696/81/99 698/332/99 713/334/99 711/23/99
f 698/332/100 697/15/100 712/16/100 713/334/100
f 715/64/355 716/211/355 722/335/355 720/80/355
f 716/211/356 714/36/356 721/37/356 722/336/356
f 720/99/357 722/209/357 725/210/357 723/63/357
f 722/209/358 721/106/358 724/107/358 725/210/358
f 700/103/359 701/338/359 719/337/359 717/105/359
f 701/338/360 699/86/360 718/136/360 719/337/360
f 717/28/361 719/339/361 695/326/361 694/27/361
f 719/339/362 718/88/362 693/82/362 695/326/362
f 690/77/91 692/325/91 287/340/91 286/76/91
f 692/325/92 691/24/92 285/25/92 287/340/92
f 711/23/109 713/334/109 290/341/109 289/26/109
f 713/334/110 712/16/110 288/112/110 290/341/110
f 723/63/363 725/210/363 734/342/363 732/19/363
f 725/210/364 724/107/364 733/139/364 734/342/364
f 727/22/113 728/190/113 731/213/113 729/31/113
f 728/190/114 726/30/114 730/74/114 731/213/114
f 732/19/115 734/208/115 728/190/115 727/22/115
f 734/208/116 733/29/116 726/30/116 728/190/116
f 729/31/117 731/213/117 302/214/117 301/34/117
f 731/213/118 730/74/118 300/75/118 302/214/118
f 736/39/365 737/343/365 743/234/365 741/79/365
f 737/343/366 735/101/366 742/102/366 743/234/366
f 741/79/367 743/234/367 746/235/367 744/135/367
f 743/234/368 742/102/368 745/114/368 746/236/368
f 744/89/369 746/345/369 740/344/369 738/92/369
f 746/345/370 745/121/370 739/116/370 740/344/370
f 688/12/125 689/189/125 737/233/125 736/39/125
f 689/189/126 687/18/126 735/163/126 737/346/126
f 776/117/371 780/321/371 740/344/371 739/116/371
f 780/321/372 774/98/372 738/92/372 740/344/372
f 687/18/129 689/189/129 710/347/129 708/17/129
f 689/189/130 688/12/130 709/13/130 710/347/130
f 282/72/131 284/232/131 710/347/131 709/13/131
f 284/232/132 283/113/132 708/17/132 710/347/132
f 699/86/373 701/338/373 760/125/373 754/85/373
f 701/338/374 700/111/374 756/109/374 760/125/374
f 714/36/375 716/349/375 767/348/375 765/110/375
f 716/349/376 715/64/376 764/65/376 767/348/376
f 765/110/377 769/351/377 759/350/377 756/109/377
f 769/351/378 766/161/378 755/142/378 759/350/378
f 775/168/379 779/322/379 750/305/379 748/167/379
f 779/322/380 776/117/380 747/118/380 750/305/380
f 771/169/381 773/352/381 777/319/381 775/168/381
f 773/352/382 772/97/382 774/98/382 777/319/382
f 766/161/383 770/315/383 763/354/383 761/353/383
f 770/315/384 764/65/384 762/58/384 763/354/384
f 761/353/385 763/354/385 783/355/385 781/143/385
f 763/354/386 762/58/386 782/59/386 783/355/386
f 754/141/387 757/309/387 783/355/387 782/59/387
f 757/309/388 755/142/388 781/143/388 783/355/388
f 748/167/389 752/124/389 786/124/389 785/166/389
f 752/124/390 749/132/390 784/133/390 786/124/390
f 807/248/1 808/57/1 792/95/1 790/247/1
f 808/57/1 806/263/1 791/262/1 792/95/1
f 804/57/1 805/57/1 808/57/1 807/246/1
f 805/57/1 803/278/1 806/278/1 808/57/1
f 790/266/1 792/95/1 789/94/1 788/265/1
f 792/95/1 791/126/1 787/127/1 789/94/1
f 793/130/1 796/324/1 799/128/1 797/267/1
f 796/324/1 794/130/1 798/241/1 799/128/1
f 797/240/1 799/128/1 802/129/1 800/239/1
f 799/128/1 798/241/1 801/242/1 802/129/1
f 800/238/1 802/129/1 805/356/1 804/57/1
f 802/129/1 801/242/1 803/278/1 805/356/1
f 618/38/6 595/11/6 688/12/6
f 595/11/6 885/12/6 906/13/6 596/14/6
f 894/15/151 909/16/151 905/17/151 884/18/151
f 929/19/6 813/20/6 827/21/6 924/22/6
f 908/23/6 888/24/6 509/25/6 513/26/6
f 891/27/391 914/28/391 930/29/391 923/30/391
f 926/31/6 823/32/6 399/33/6 525/34/6
f 897/35/392 911/36/392 918/37/392
f 618/38/6 933/39/6 885/12/6
f 811/40/393 814/41/393 816/42/393 815/43/393
f 814/41/394 818/44/394 819/45/394 816/42/394
f 812/46/395 817/47/395 819/45/395 818/44/395
f 817/47/396 821/48/396 822/49/396 819/45/396
f 813/20/397 820/50/397 822/49/397 821/48/397
f 820/50/398 815/51/398 816/52/398 822/49/398
f 816/52/399 819/53/399 822/49/399
f 830/54/54 812/46/54 818/44/54 831/55/54
f 831/55/55 818/44/55 814/41/55 832/56/55
f 839/57/400 959/58/400 976/59/400 841/57/400
f 827/21/164 813/20/164 821/48/164 829/60/164
f 829/60/165 821/48/165 817/47/165 828/61/165
f 828/61/166 817/47/166 812/46/166 826/62/166
f 813/20/297 929/19/297 920/63/297 820/50/297
f 912/64/3 961/65/3 959/58/3 811/40/3
f 399/33/167 823/32/167 824/66/167 400/67/167
f 400/67/165 824/66/165 825/68/165 401/69/165
f 401/69/168 825/68/168 1367/550/168 1373/551/168 1372/552/168 1365/553/168 1366/554/168 402/71/168
f 823/32/167 827/21/167 829/60/167 824/66/167
f 824/66/165 829/60/165 828/61/165 825/68/165
f 825/68/168 828/61/168 826/62/168 1377/555/168 1376/556/168 1369/557/168 1367/550/168
f 596/14/6 906/13/6 506/72/6 155/73/6
f 927/74/169 524/75/169 510/76/169 887/77/169
f 924/22/6 827/21/6 823/32/6 926/31/6
f 933/39/6 618/38/6 620/78/6 938/79/6
f 815/43/298 917/80/298 912/64/298 811/40/298
f 893/81/6 890/82/6 888/24/6 908/23/6
f 903/83/401 946/84/401 951/85/401 896/86/401
f 899/87/171 915/88/171 890/82/171 893/81/171
f 941/89/402 619/90/402 617/91/402 935/92/402
f 946/93/403 834/94/403 835/95/403 951/96/403
f 617/91/404 772/97/404 968/98/404 935/92/404
f 820/50/303 920/63/303 917/99/303 815/51/303
f 900/100/151 932/101/151 939/102/151
f 897/103/405 918/104/405 914/105/405
f 918/106/406 921/107/406 914/108/406
f 953/109/407 962/110/407 911/36/407 897/111/407
f 909/16/151 512/112/151 507/113/151 905/17/151
f 900/100/408 939/102/408 942/114/408
f 902/115/409 936/116/409 970/117/409 944/118/409
f 902/119/410 900/120/410 942/121/410
f 873/124/2 874/125/2 982/126/2 978/127/2
f 837/128/55 831/55/55 832/56/55 838/129/55
f 836/130/54 830/54/54 831/55/54 837/128/54
f 936/116/411 902/131/411 942/121/411
f 834/94/3 946/132/3 784/133/3 635/94/3
f 938/79/412 620/78/412 619/134/412 941/135/412
f 915/136/413 899/137/413 903/83/413 896/86/413
f 826/62/5 833/138/5 1351/558/5 1339/559/5 1337/560/5 1343/561/5 1345/562/5 1348/563/5 1341/564/5 1377/555/5
f 921/107/414 930/139/414 914/140/414
f 812/46/5 830/54/5 833/138/5 826/62/5
f 838/129/56 832/56/56 959/58/56 839/57/56
f 832/56/56 814/41/56 811/40/56 959/58/56
f 835/95/415 841/57/415 976/59/415 951/141/415
f 952/142/6 975/143/6 1267/565/6 1261/566/6 1257/567/6 1263/568/6 1265/569/6 1259/570/6 1253/571/6 1239/572/6 1245/573/6 1241/574/6 1255/575/6 1249/576/6 1251/577/6 1247/578/6 1237/579/6 1228/580/6 1230/581/6 963/161/6
f 900/162/151 894/15/151 884/18/151 932/163/151
f 923/30/169 927/74/169 887/77/169 891/27/169
f 830/54/5 836/130/5 840/164/5 833/138/5
f 833/138/5 840/164/5 1352/582/5 1351/558/5
f 785/166/416 945/167/416 969/168/416 771/169/416 1329/506/416 1297/583/416 1330/584/416 1299/585/416 1318/586/416 1221/587/416 1219/588/416 1223/589/416 1225/590/416 1215/591/416 1213/592/416 1207/593/416 1209/594/416 1211/595/416 1217/596/416 1205/597/416 1196/490/416
f 637/11/1 1007/508/1 1004/598/1 1009/599/1 843/188/1 842/189/1
f 866/190/1 867/213/1 859/32/1 863/21/1
f 868/208/1 866/190/1 863/21/1 846/20/1
f 844/40/417 848/43/417 849/42/417 847/41/417
f 847/41/418 849/42/418 852/45/418 851/44/418
f 845/46/419 851/44/419 852/45/419 850/47/419
f 850/47/420 852/45/420 855/49/420 854/48/420
f 846/20/421 854/48/421 855/49/421 853/50/421
f 853/50/422 855/49/422 849/52/422 848/51/422
f 849/52/423 855/49/423 852/53/423
f 875/54/17 876/55/17 851/44/17 845/46/17
f 876/55/18 877/56/18 847/41/18 851/44/18
f 877/56/44 878/58/44 844/40/44 847/41/44
f 863/21/198 865/60/198 854/48/198 846/20/198
f 865/60/199 864/61/199 850/47/199 854/48/199
f 864/61/200 862/62/200 845/46/200 850/47/200
f 853/50/323 848/51/323 857/209/323 858/210/323
f 848/43/324 844/40/324 856/211/324 857/212/324
f 442/33/201 443/67/201 860/66/201 859/32/201
f 443/67/199 444/69/199 861/68/199 860/66/199
f 444/69/202 445/71/202 1356/600/202 1355/601/202 1360/602/202 1364/603/202 1370/604/202 1371/605/202 861/68/202
f 859/32/201 860/66/201 865/60/201 863/21/201
f 860/66/199 861/68/199 864/61/199 865/60/199
f 861/68/202 1371/605/202 1374/606/202 1368/607/202 1375/608/202 1340/609/202 1347/610/202 1346/611/202 862/62/202 864/61/202
f 846/20/325 853/50/325 858/210/325 868/208/325
f 867/213/1 449/214/1 442/33/1 859/32/1
f 869/233/326 871/234/326 671/78/326 669/38/326
f 871/234/424 872/235/424 670/134/424 671/78/424
f 872/236/425 870/237/425 668/91/425 670/90/425
f 995/57/1 991/238/1 839/57/1
f 991/239/1 988/240/1 838/129/1
f 989/241/18 992/242/18 877/56/18 876/55/18
f 867/213/1 866/190/1 842/189/1 843/188/1
f 684/124/426 681/243/426 881/244/426 873/124/426
f 668/91/427 870/237/427 881/244/427 681/243/427
f 868/208/1 869/233/1 842/189/1 866/190/1
f 862/62/4 1346/611/4 1344/612/4 1342/613/4 1336/614/4 1338/615/4 1350/616/4 879/138/4
f 856/211/2 844/40/2 878/58/2 880/245/2
f 845/46/4 862/62/4 879/138/4 875/54/4
f 998/246/1 995/57/1 839/57/1
f 981/247/1 998/248/1 1310/617/1 1309/618/1 1285/619/1 1305/620/1 1332/621/1 1303/622/1 1283/623/1 1320/624/1 1301/625/1 1242/626/1 1234/627/1 1231/628/1 1232/629/1 835/95/1
f 874/125/1 880/245/1 878/58/1 882/58/1
f 982/262/428 874/125/428 882/58/428 997/263/428
f 669/38/1 637/11/1 842/189/1
f 669/38/1 842/189/1 869/233/1
f 836/130/429 984/130/429 986/264/429 883/164/429 840/164/429
f 879/138/4 1350/616/4 1349/630/4 883/164/4
f 979/265/1 981/266/1 834/94/1
f 867/213/1 843/188/1 441/232/1 1095/448/1 1093/631/1 1092/632/1 1091/633/1 1113/634/1 1112/635/1 1114/636/1 1115/637/1 1116/638/1 1117/639/1 1138/640/1 1139/641/1 1137/642/1 1136/643/1 1135/644/1 1134/645/1 1131/646/1 1133/647/1 1132/432/1 449/214/1
f 858/210/430 871/234/430 869/233/430 868/208/430
f 857/209/431 872/235/431 871/234/431 858/210/431
f 856/211/432 870/237/432 872/236/432 857/209/432
f 881/244/433 870/237/433 856/211/433 880/245/433
f 874/125/434 873/124/434 881/244/434 880/245/434
f 840/164/214 883/164/214 1349/630/214 1352/582/214
f 988/267/1 984/130/1 836/130/1
f 985/130/17 989/241/17 876/55/17 875/54/17
f 635/94/1 1195/94/1 1206/270/1 1218/274/1 1212/648/1 1210/272/1 1208/272/1 1214/270/1 1216/270/1 1226/648/1 1224/94/1 1220/271/1 1222/648/1 1319/272/1 1300/94/1 1331/649/1 1298/94/1 1328/94/1 809/94/1 979/94/1
f 978/127/2 810/275/2 684/124/2 873/124/2
f 834/94/1 635/94/1 979/94/1
f 839/57/1 841/57/1 998/246/1
f 839/57/1 991/276/1 838/129/1
f 837/128/1 838/129/1 988/277/1
f 994/278/435 997/278/435 882/58/435 878/58/435
f 875/54/4 879/138/4 883/164/4 986/264/4 985/130/4
f 834/94/1 981/279/1 835/95/1
f 836/130/1 837/128/1 988/280/1
f 841/57/1 835/95/1 1232/650/1 1229/651/1 1227/652/1 1236/653/1 1246/654/1 1250/655/1 1248/656/1 1254/657/1 1240/658/1 1244/659/1 1238/660/1 1252/661/1 1258/662/1 1264/663/1 1262/664/1 1256/665/1 1260/666/1 1266/667/1 1268/668/1 1272/669/1 1270/670/1 1307/671/1 1310/672/1 998/304/1
f 992/242/44 994/278/44 878/58/44 877/56/44
f 944/118/436 947/305/436 948/306/436 950/307/436
f 945/167/437 949/124/437 948/306/437 947/305/437
f 946/84/438 950/307/438 948/306/438 949/308/438
f 951/141/439 954/309/439 955/310/439 957/125/439
f 952/142/440 956/311/440 955/310/440 954/309/440
f 953/109/441 957/125/441 955/310/441 956/312/441
f 961/65/442 964/313/442 965/314/442 967/315/442
f 962/110/443 966/316/443 965/314/443 964/317/443
f 963/161/444 967/315/444 965/314/444 966/318/444
f 968/98/445 971/319/445 972/320/445 974/321/445
f 969/168/446 973/322/446 972/320/446 971/319/446
f 970/117/447 974/321/447 972/320/447 973/322/447
f 984/323/1 987/324/1 986/130/1
f 987/324/1 985/130/1 986/130/1
f 891/27/228 887/77/228 889/325/228 892/326/228
f 892/326/229 889/325/229 888/24/229 890/82/229
f 903/83/448 899/137/448 901/327/448 904/328/448
f 904/329/449 901/330/449 900/120/449 902/119/449
f 946/84/450 903/83/450 904/331/450 950/307/450
f 950/307/451 904/331/451 902/115/451 944/118/451
f 899/87/234 893/81/234 895/332/234 901/333/234
f 901/333/235 895/332/235 894/15/235 900/162/235
f 893/81/236 908/23/236 910/334/236 895/332/236
f 895/332/237 910/334/237 909/16/237 894/15/237
f 912/64/452 917/80/452 919/335/452 913/211/452
f 913/211/453 919/336/453 918/37/453 911/36/453
f 917/99/454 920/63/454 922/210/454 919/209/454
f 919/209/455 922/210/455 921/107/455 918/106/455
f 897/103/456 914/105/456 916/337/456 898/338/456
f 898/338/457 916/337/457 915/136/457 896/86/457
f 914/28/458 891/27/458 892/326/458 916/339/458
f 916/339/459 892/326/459 890/82/459 915/88/459
f 887/77/228 510/76/228 511/340/228 889/325/228
f 889/325/229 511/340/229 509/25/229 888/24/229
f 908/23/246 513/26/246 514/341/246 910/334/246
f 910/334/247 514/341/247 512/112/247 909/16/247
f 920/63/460 929/19/460 931/342/460 922/210/460
f 922/210/461 931/342/461 930/139/461 921/107/461
f 924/22/250 926/31/250 928/213/250 925/190/250
f 925/190/251 928/213/251 927/74/251 923/30/251
f 929/19/252 924/22/252 925/190/252 931/208/252
f 931/208/253 925/190/253 923/30/253 930/29/253
f 926/31/254 525/34/254 526/214/254 928/213/254
f 928/213/255 526/214/255 524/75/255 927/74/255
f 933/39/462 938/79/462 940/234/462 934/343/462
f 934/343/463 940/234/463 939/102/463 932/101/463
f 938/79/464 941/135/464 943/235/464 940/234/464
f 940/234/465 943/236/465 942/114/465 939/102/465
f 941/89/466 935/92/466 937/344/466 943/345/466
f 943/345/467 937/344/467 936/116/467 942/121/467
f 885/12/262 933/39/262 934/233/262 886/189/262
f 886/189/263 934/346/263 932/163/263 884/18/263
f 970/117/468 936/116/468 937/344/468 974/321/468
f 974/321/469 937/344/469 935/92/469 968/98/469
f 884/18/266 905/17/266 907/347/266 886/189/266
f 886/189/267 907/347/267 906/13/267 885/12/267
f 506/72/268 906/13/268 907/347/268 508/232/268
f 508/232/269 907/347/269 905/17/269 507/113/269
f 896/86/470 951/85/470 957/125/470 898/338/470
f 898/338/471 957/125/471 953/109/471 897/111/471
f 911/36/472 962/110/472 964/348/472 913/349/472
f 913/349/473 964/348/473 961/65/473 912/64/473
f 962/110/474 953/109/474 956/350/474 966/351/474
f 966/351/475 956/350/475 952/142/475 963/161/475
f 969/168/476 945/167/476 947/305/476 973/322/476
f 973/322/477 947/305/477 944/118/477 970/117/477
f 771/169/478 969/168/478 971/319/478 773/352/478
f 773/352/479 971/319/479 968/98/479 772/97/479
f 963/161/480 958/353/480 960/354/480 967/315/480
f 967/315/481 960/354/481 959/58/481 961/65/481
f 958/353/482 975/143/482 977/355/482 960/354/482
f 960/354/483 977/355/483 976/59/483 959/58/483
f 951/141/484 976/59/484 977/355/484 954/309/484
f 954/309/485 977/355/485 975/143/485 952/142/485
f 945/167/486 785/166/486 786/124/486 949/124/486
f 949/124/390 786/124/390 784/133/390 946/132/390
f 998/248/1 981/247/1 983/95/1 999/57/1
f 999/57/1 983/95/1 982/262/1 997/263/1
f 995/57/1 998/246/1 999/57/1 996/57/1
f 996/57/1 999/57/1 997/278/1 994/278/1
f 981/266/1 979/265/1 980/94/1 983/95/1
f 983/95/1 980/94/1 978/127/1 982/126/1
f 984/130/1 988/267/1 990/128/1 987/324/1
f 987/324/1 990/128/1 989/241/1 985/130/1
f 988/240/1 991/239/1 993/129/1 990/128/1
f 990/128/1 993/129/1 992/242/1 989/241/1
f 991/238/1 995/57/1 996/356/1 993/129/1
f 993/129/1 996/356/1 994/278/1 992/242/1
f 618/38/6 885/12/6 595/11/6
f 1002/673/1 209/73/1 441/232/1 843/188/1 1009/599/1 1003/674/1
f 1001/524/1 208/232/1 209/73/1 1002/673/1
f 1096/1/487 1111/1/487 12/1/487 11/1/487
f 1073/1/488 1049/1/488 94/1/488 93/1/488
f 1089/1/489 1097/1/489 114/1/489 113/1/489
f 1038/1/490 1044/1/490 34/1/490 33/1/490
f 1036/1/491 1034/1/491 67/1/491 66/1/491
f 1060/1/492 1065/1/492 53/1/492 52/1/492
f 1129/1/493 1128/1/493 23/1/493 22/1/493
f 217/214/1 210/33/1 1011/231/1 1010/675/1 1016/676/1 1020/677/1 1023/678/1 1033/679/1 1045/680/1 1044/681/1 1038/682/1 1055/683/1 1064/684/1 1066/685/1 1052/686/1 1054/687/1 1072/688/1 1062/689/1 1070/215/1
f 1126/1/494 1129/1/494 22/1/494 21/1/494
f 1127/1/495 1125/1/495 20/1/495 19/1/495
f 1113/1/496 1091/1/496 7/1/496 6/1/496
f 1030/1/489 1043/1/489 82/1/489 81/1/489
f 1076/1/497 1075/1/497 105/1/497 104/1/497
f 1024/1/487 1025/1/487 76/1/487 75/1/487
f 1136/1/488 1137/1/488 30/1/488 29/1/488
f 1124/1/498 1127/1/498 19/1/498 18/1/498
f 1111/1/499 1110/1/499 13/1/499 12/1/499
f 1066/1/500 1064/1/500 63/1/500 62/1/500
f 1125/1/492 1126/1/492 21/1/492 20/1/492
f 1027/1/501 1028/1/501 46/1/501 45/1/501
f 1121/1/502 1102/1/502 124/1/502 123/1/502
f 1098/1/495 1099/1/495 116/1/495 115/1/495
f 1037/1/489 1041/1/489 50/1/489 49/1/489
f 1016/1/503 1010/1/503 40/1/503 39/1/503
f 1034/1/504 1035/1/504 68/1/504 67/1/504
f 1064/1/505 1055/1/505 64/1/505 63/1/505
f 1061/690/1 1068/191/1 214/190/1 215/213/1 200/32/1 205/21/1 1014/207/1 1013/691/1 1026/692/1 1021/693/1 1022/694/1 1035/695/1 1034/696/1 1036/697/1 1039/698/1 1040/699/1 1050/700/1 1049/701/1 1073/702/1 1051/703/1 1053/704/1
f 1018/1/501 1019/1/501 78/1/501 77/1/501
f 1138/1/506 1117/1/506 1/1/506 32/1/506
f 1043/1/498 1058/1/498 83/1/498 82/1/498
f 1112/1/507 1113/1/507 6/1/507 5/1/507
f 1080/1/507 1081/1/507 102/1/507 101/1/507
f 1100/1/493 1119/1/493 119/1/493 118/1/493
f 1082/1/501 1085/1/501 110/1/501 109/1/501
f 1013/1/497 1014/1/497 73/1/497 72/1/497
f 1011/1/508 1012/1/508 42/1/508 41/1/508
f 1069/1/509 1070/1/509 57/1/509 56/1/509
f 1045/1/504 1033/1/504 36/1/504 35/1/504
f 1133/1/510 1131/1/510 26/1/510 25/1/510
f 1021/1/496 1026/1/496 71/1/496 70/1/496
f 1120/1/510 1122/1/510 122/1/510 121/1/510
f 1137/1/500 1139/1/500 31/1/500 30/1/500
f 1130/1/509 1132/1/509 1133/1/509 25/1/509 24/1/509
f 1029/1/499 1027/1/499 45/1/499 44/1/499
f 1057/1/492 1056/1/492 85/1/492 84/1/492
f 1026/1/503 1013/1/503 72/1/503 71/1/503
f 1094/1/511 1096/1/511 11/1/511 10/1/511
f 1033/1/512 1023/1/512 37/1/512 36/1/512
f 1012/1/511 1017/1/511 43/1/511 42/1/511
f 1020/1/496 1016/1/496 39/1/496 38/1/496
f 1084/1/504 1083/1/504 100/1/504 99/1/504
f 1054/1/513 1052/1/513 61/1/513 60/1/513
f 1119/1/514 1118/1/514 120/1/514 119/1/514
f 1017/1/487 1029/1/487 44/1/487 43/1/487
f 1059/1/495 1060/1/495 52/1/495 51/1/495
f 1131/1/515 1134/1/515 27/1/515 26/1/515
f 1118/1/509 1120/1/509 121/1/509 120/1/509
f 1088/1/491 1084/1/491 99/1/491 98/1/491
f 1039/1/490 1036/1/490 66/1/490 65/1/490
f 1014/1/508 1015/1/508 74/1/508 73/1/508
f 1107/1/516 1123/1/516 17/1/516 16/1/516
f 1081/1/496 1077/1/496 103/1/496 102/1/496
f 1031/1/516 1030/1/516 81/1/516 80/1/516
f 1077/1/503 1076/1/503 104/1/503 103/1/503
f 1032/1/517 1042/1/517 48/1/517 47/1/517
f 1063/1/514 1069/1/514 56/1/514 55/1/514
f 1041/1/498 1059/1/498 51/1/498 50/1/498
f 1087/1/517 1086/1/517 112/1/517 111/1/517
f 1023/1/507 1020/1/507 38/1/507 37/1/507
f 1091/1/503 1092/1/503 8/1/503 7/1/503
f 1050/1/505 1040/1/505 96/1/505 95/1/505
f 1061/1/515 1053/1/515 91/1/515 90/1/515
f 1105/1/505 1106/1/505 128/1/505 127/1/505
f 1019/1/518 1046/1/518 79/1/518 78/1/518
f 1114/1/512 1112/1/512 5/1/512 4/1/512
f 1058/1/495 1057/1/495 84/1/495 83/1/495
f 1075/1/508 1074/1/508 106/1/508 105/1/508
f 1115/1/504 1114/1/504 4/1/504 3/1/504
f 1047/1/493 1071/1/493 87/1/493 86/1/493
f 1083/1/512 1080/1/512 101/1/512 100/1/512
f 1055/1/506 1038/1/506 33/1/506 64/1/506
f 1051/1/513 1073/1/513 93/1/513 92/1/513
f 1090/1/490 1088/1/490 98/1/490 97/1/490
f 1104/1/500 1105/1/500 127/1/500 126/1/500
f 1068/1/510 1061/1/510 90/1/510 89/1/510
f 1022/1/507 1021/1/507 70/1/507 69/1/507
f 1135/1/513 1136/1/513 29/1/513 28/1/513
f 1110/1/501 1108/1/501 14/1/501 13/1/501
f 1042/1/516 1037/1/516 49/1/516 48/1/516
f 1123/1/489 1124/1/489 18/1/489 17/1/489
f 1116/1/491 1115/1/491 3/1/491 2/1/491
f 1078/1/487 1079/1/487 108/1/487 107/1/487
f 1093/1/508 1095/1/508 1094/1/508 10/1/508 9/1/508
f 1097/1/498 1098/1/498 115/1/498 114/1/498
f 1040/1/506 1039/1/506 65/1/506 96/1/506
f 1025/1/499 1018/1/499 77/1/499 76/1/499
f 1103/1/488 1104/1/488 126/1/488 125/1/488
f 1099/1/492 1101/1/492 117/1/492 116/1/492
f 1092/1/497 1093/1/497 9/1/497 8/1/497
f 1052/1/488 1066/1/488 62/1/488 61/1/488
f 1108/1/518 1109/1/518 15/1/518 14/1/518
f 1072/1/502 1054/1/502 60/1/502 59/1/502
f 1046/1/517 1031/1/517 80/1/517 79/1/517
f 1085/1/518 1087/1/518 111/1/518 110/1/518
f 1028/1/518 1032/1/518 47/1/518 46/1/518
f 1062/1/515 1072/1/515 59/1/515 58/1/515
f 1015/1/511 1024/1/511 75/1/511 74/1/511
f 1117/1/490 1116/1/490 2/1/490 1/1/490
f 1044/1/491 1045/1/491 35/1/491 34/1/491
f 1102/1/513 1103/1/513 125/1/513 124/1/513
f 1101/1/494 1100/1/494 118/1/494 117/1/494
f 1010/1/497 1011/1/497 41/1/497 40/1/497
f 1070/1/510 1062/1/510 58/1/510 57/1/510
f 1122/1/515 1121/1/515 123/1/515 122/1/515
f 1128/1/514 1130/1/514 24/1/514 23/1/514
f 1109/1/517 1107/1/517 16/1/517 15/1/517
f 1074/1/511 1078/1/511 107/1/511 106/1/511
f 417/189/1 450/233/1 1089/416/1 1086/705/1 1087/706/1 1085/707/1 1082/708/1 1079/709/1 1078/710/1 1074/711/1 1075/712/1 1076/713/1 1077/714/1 1081/715/1 1080/716/1 1083/717/1 1084/718/1 1088/719/1 1090/400/1
f 1139/1/505 1138/1/505 32/1/505 31/1/505
f 1056/1/494 1047/1/494 86/1/494 85/1/494
f 1065/1/494 1067/1/494 54/1/494 53/1/494
f 1134/1/502 1135/1/502 28/1/502 27/1/502
f 1048/1/509 1068/1/509 89/1/509 88/1/509
f 1071/1/514 1048/1/514 88/1/514 87/1/514
f 1079/1/499 1082/1/499 109/1/499 108/1/499
f 1106/1/506 1090/1/506 97/1/506 128/1/506
f 1053/1/502 1051/1/502 92/1/502 91/1/502
f 1049/1/500 1050/1/500 95/1/500 94/1/500
f 1067/1/493 1063/1/493 55/1/493 54/1/493
f 1086/1/516 1089/1/516 113/1/516 112/1/516
f 1035/1/512 1022/1/512 69/1/512 68/1/512
f 357/94/1 356/94/1 377/94/1 378/275/1 355/127/1
f 575/94/1 573/127/1 378/275/1 377/94/1 574/94/1
f 980/94/1 979/94/1 809/94/1 810/275/1 978/127/1
f 789/94/1 787/127/1 810/275/1 809/94/1 788/94/1
f 1438/1/495 1439/1/495 1431/1/495 1430/1/495
f 1303/1/516 1304/1/516 1333/1/516 1332/1/516
f 1307/1/494 1308/1/494 1271/1/494 1270/1/494
f 1509/1/503 1510/1/503 1508/1/503 1507/1/503
f 1450/1/508 1451/1/508 1455/1/508 1454/1/508
f 1168/1/490 1169/1/490 1159/1/490 1158/1/490
f 1268/1/509 1269/1/509 1267/1/509 1266/1/509
f 1544/1/507 1545/1/507 1539/1/507 1538/1/507
f 1264/1/488 1265/1/488 1259/1/488 1258/1/488
f 1372/720/519 1370/721/519 1371/722/519 1374/723/519 1373/724/519
f 1558/1/488 1559/1/488 1541/1/488 1540/1/488
f 1584/1/490 1585/1/490 1595/1/490 1594/1/490
f 1422/1/510 1423/1/510 1419/1/510 1418/1/510
f 1319/1/494 1318/1/494 1221/1/494 1222/1/494
f 1222/1/493 1221/1/493 1219/1/493 1220/1/493
f 1574/1/491 1575/1/491 1585/1/491 1584/1/491
f 1556/1/504 1557/1/504 1571/1/504 1570/1/504
f 1240/1/491 1241/1/491 1255/1/491 1254/1/491
f 1407/1/501 1408/1/501 1400/1/501 1399/1/501
f 1522/1/515 1523/1/515 1393/1/515 1392/1/515
f 1354/725/520 1353/726/520 1358/727/520 1359/728/520
f 1426/1/494 1427/1/494 1433/1/494 1432/1/494
f 1513/1/508 1514/1/508 1512/1/508 1511/1/508
f 1576/1/491 1577/1/491 1591/1/491 1590/1/491
f 1592/1/506 1593/1/506 1579/1/506 1578/1/506
f 1320/1/518 1321/1/518 1284/1/518 1283/1/518
f 1580/1/490 1581/1/490 1593/1/490 1592/1/490
f 1298/1/498 1297/1/498 1330/1/498 1331/1/498
f 1588/1/506 1589/1/506 1587/1/506 1586/1/506
f 1503/1/516 1504/1/516 1498/1/516 1497/1/516
f 1363/729/521 1362/730/521 1353/726/521 1354/725/521
f 1515/1/511 1516/1/511 1514/1/511 1513/1/511
f 1409/1/511 1410/1/511 1412/1/511 1411/1/511
f 1534/1/515 1535/1/515 1423/1/515 1422/1/515
f 1395/1/489 1396/1/489 1402/1/489 1401/1/489
f 1156/1/488 1157/1/488 1165/1/488 1164/1/488
f 1182/1/514 1181/1/514 1176/1/514 1177/1/514
f 1469/1/493 1470/1/493 1494/1/493 1493/1/493
f 1397/1/517 1398/1/517 1404/1/517 1403/1/517
f 1164/1/500 1165/1/500 1163/1/500 1162/1/500
f 1418/1/509 1419/1/509 1421/1/509 1420/1/509
f 1594/1/506 1595/1/506 1583/1/506 1582/1/506
f 1162/1/505 1163/1/505 1167/1/505 1166/1/505
f 1380/1/498 1381/1/498 1396/1/498 1395/1/498
f 1517/1/487 1518/1/487 1516/1/487 1515/1/487
f 1199/1/496 1200/1/496 1194/1/496 1193/1/496
f 1442/1/501 1443/1/501 1445/1/501 1444/1/501
f 1326/1/516 1327/1/516 1329/1/516 1328/1/516
f 1193/1/503 1194/1/503 1186/1/503 1185/1/503
f 1566/1/504 1567/1/504 1577/1/504 1576/1/504
f 1376/731/522 1375/732/522 1340/733/522 1341/734/522 1377/735/522
f 1149/1/497 1148/1/497 1144/1/497 1145/1/497
f 1399/1/499 1400/1/499 1406/1/499 1405/1/499
f 1226/1/510 1225/1/510 1215/1/510 1216/1/510
f 1227/1/497 1228/1/497 1230/1/497 1229/1/497
f 1430/1/498 1431/1/498 1437/1/498 1436/1/498
f 1283/1/517 1284/1/517 1304/1/517 1303/1/517
f 1335/1/516 1334/1/516 1322/1/516 1323/1/516
f 1262/1/513 1263/1/513 1265/1/513 1264/1/513
f 1413/1/497 1415/1/497 1417/1/497 1416/1/497
f 1328/1/489 1329/1/489 1297/1/489 1298/1/489
f 1210/1/488 1209/1/488 1211/1/488 1212/1/488
f 1467/1/514 1468/1/514 1470/1/514 1469/1/514
f 1416/1/503 1417/1/503 1533/1/503 1532/1/503
f 1290/1/494 1289/1/494 1279/1/494 1280/1/494
f 1481/736/214 1479/737/214 414/165/214 465/165/214
f 1420/1/514 1421/1/514 1425/1/514 1424/1/514
f 1325/1/498 1324/1/498 1312/1/498 1313/1/498
f 1305/1/498 1306/1/498 1286/1/498 1285/1/498
f 1562/1/488 1563/1/488 1549/1/488 1548/1/488
f 1189/1/512 1190/1/512 1188/1/512 1187/1/512
f 1174/1/515 1175/1/515 1173/1/515 1172/1/515
f 1300/1/492 1299/1/492 1318/1/492 1319/1/492
f 1293/1/518 1294/1/518 1296/1/518 1295/1/518
f 1436/1/489 1437/1/489 1429/1/489 1428/1/489
f 1160/1/504 1161/1/504 1155/1/504 1154/1/504
f 1440/1/518 1441/1/518 1443/1/518 1442/1/518
f 1331/1/495 1330/1/495 1299/1/495 1300/1/495
f 1572/1/500 1573/1/500 1559/1/500 1558/1/500
f 1256/1/502 1257/1/502 1263/1/502 1262/1/502
f 1359/728/523 1358/727/523 1356/738/523 1355/739/523 1357/740/523
f 1461/1/515 1462/1/515 1464/1/515 1463/1/515
f 1142/1/507 1143/1/507 1141/1/507 1140/1/507
f 1242/1/499 1243/1/499 1302/1/499 1301/1/499
f 1272/1/514 1273/1/514 1269/1/514 1268/1/514
f 1250/1/507 1251/1/507 1247/1/507 1246/1/507
f 1578/1/505 1579/1/505 1569/1/505 1568/1/505
f 1465/1/509 1466/1/509 1468/1/509 1467/1/509 1478/1/509
f 1323/1/489 1322/1/489 1324/1/489 1325/1/489
f 570/143/6 1512/378/6 1514/741/6 1516/742/6 1518/743/6 1520/744/6 1506/745/6 1500/746/6 1498/747/6 1504/748/6 1502/749/6 1492/750/6 1490/751/6 1496/752/6 1494/753/6 1470/754/6 1468/755/6 1466/362/6 558/161/6 553/353/6
f 1501/1/489 1502/1/489 1504/1/489 1503/1/489
f 1540/1/513 1541/1/513 1537/1/513 1536/1/513
f 1214/1/502 1213/1/502 1207/1/502 1208/1/502
f 1550/1/512 1551/1/512 1567/1/512 1566/1/512
f 1276/1/518 1274/1/518 1314/1/518 1315/1/518
f 1428/1/516 1429/1/516 1435/1/516 1434/1/516
f 1448/1/511 1449/1/511 1451/1/511 1450/1/511
f 1552/1/507 1553/1/507 1551/1/507 1550/1/507
f 1526/1/502 1527/1/502 1523/1/502 1522/1/502
f 1444/1/499 1445/1/499 1447/1/499 1446/1/499
f 1568/1/500 1569/1/500 1555/1/500 1554/1/500
f 1341/734/524 1340/733/524 1347/756/524 1348/757/524
f 1246/1/496 1247/1/496 1237/1/496 1236/1/496
f 1191/1/504 1192/1/504 1190/1/504 1189/1/504
f 1382/1/509 1383/1/509 1387/1/509 1386/1/509
f 1434/1/517 1435/1/517 1441/1/517 1440/1/517
f 1234/1/487 1235/1/487 1243/1/487 1242/1/487
f 1285/1/495 1286/1/495 1311/1/495 1309/1/495
f 1564/1/500 1565/1/500 1563/1/500 1562/1/500
f 1166/1/506 1167/1/506 1169/1/506 1168/1/506
f 1153/1/511 1152/1/511 1150/1/511 1151/1/511
f 1309/1/492 1311/1/492 1308/1/492 1307/1/492 1310/1/492
f 1590/1/490 1591/1/490 1589/1/490 1588/1/490
f 1288/1/499 1287/1/499 1277/1/499 1278/1/499
f 1270/1/493 1271/1/493 1273/1/493 1272/1/493
f 1493/1/494 1494/1/494 1496/1/494 1495/1/494
f 1411/1/508 1412/1/508 1415/1/508 1413/1/508 1414/1/508
f 1519/1/499 1520/1/499 1518/1/499 1517/1/499
f 1582/1/505 1583/1/505 1573/1/505 1572/1/505
f 1405/1/487 1406/1/487 1410/1/487 1409/1/487
f 1212/1/500 1211/1/500 1217/1/500 1218/1/500
f 1491/1/498 1492/1/498 1502/1/498 1501/1/498
f 1511/1/497 1512/1/497 1510/1/497 1509/1/497
f 1236/1/503 1237/1/503 1228/1/503 1227/1/503
f 1280/1/493 1279/1/493 1181/1/493 1182/1/493
f 1524/1/513 1525/1/513 1527/1/513 1526/1/513
f 1458/399/4 1480/758/4 461/122/4 435/70/4
f 1546/1/502 1547/1/502 1462/1/502 1461/1/502
f 1339/759/3 1338/760/3 1350/761/3 1349/761/3 1352/762/3 1351/759/3
f 1147/1/503 1146/1/503 1148/1/503 1149/1/503
f 1489/1/495 1490/1/495 1492/1/495 1491/1/495
f 1538/1/512 1539/1/512 1561/1/512 1560/1/512
f 1495/1/492 1496/1/492 1490/1/492 1489/1/492
f 1252/1/505 1253/1/505 1239/1/505 1238/1/505
f 1203/1/487 1204/1/487 1292/1/487 1291/1/487
f 1507/1/496 1508/1/496 1553/1/496 1552/1/496
f 1158/1/491 1159/1/491 1161/1/491 1160/1/491
f 1369/763/525 1368/764/525 1375/732/525 1376/731/525
f 1313/1/495 1312/1/495 1316/1/495 1317/1/495
f 1258/1/500 1259/1/500 1253/1/500 1252/1/500
f 1446/1/487 1447/1/487 1449/1/487 1448/1/487
f 1254/1/504 1255/1/504 1249/1/504 1248/1/504
f 1183/1/508 1184/1/508 1202/1/508 1201/1/508
f 334/161/6 1415/160/6 1412/765/6 1410/766/6 1406/767/6 1400/768/6 1408/769/6 1404/770/6 1398/771/6 1402/772/6 1396/773/6 1381/774/6 1385/775/6 1389/776/6 1391/777/6 1379/778/6 1387/779/6 1383/144/6 349/143/6 329/353/6
f 963/161/6 1230/581/6 1233/780/6 1235/781/6 1243/782/6 1302/783/6 1321/784/6 1284/785/6 1304/786/6 1333/787/6 1306/788/6 1286/789/6 1311/790/6 1308/791/6 1271/792/6 1273/793/6 1269/794/6 1267/565/6 975/143/6 958/353/6
f 1140/1/496 1141/1/496 1146/1/496 1147/1/496
f 1231/1/511 1233/1/511 1235/1/511 1234/1/511
f 1497/1/517 1498/1/517 1500/1/517 1499/1/517
f 1554/1/488 1555/1/488 1525/1/488 1524/1/488
f 1220/1/514 1219/1/514 1223/1/514 1224/1/514
f 1373/724/526 1374/723/526 1368/764/526 1369/763/526 1367/795/526
f 1201/1/511 1202/1/511 1204/1/511 1203/1/511
f 1185/1/497 1186/1/497 1184/1/497 1183/1/497
f 1471/796/6 1473/797/6 1460/798/6 1459/799/6 1456/800/6 1488/801/6
f 1317/1/492 1316/1/492 1289/1/492 1290/1/492
f 1454/1/497 1455/1/497 1453/1/497 1452/1/497
f 1479/737/5 1457/357/5 406/122/5 414/165/5
f 1178/1/510 1180/1/510 1175/1/510 1174/1/510
f 1532/1/496 1533/1/496 1529/1/496 1528/1/496
f 1260/1/515 1261/1/515 1257/1/515 1256/1/515
f 1154/1/512 1155/1/512 1143/1/512 1142/1/512
f 1208/1/513 1207/1/513 1209/1/513 1210/1/513
f 1482/802/2 1483/803/2 1486/804/2 1484/805/2 1485/802/2 1487/802/2
f 1218/1/505 1217/1/505 1205/1/505 1206/1/505
f 1238/1/506 1239/1/506 1245/1/506 1244/1/506
f 1392/1/510 1393/1/510 1383/1/510 1382/1/510
f 1424/1/493 1425/1/493 1427/1/493 1426/1/493
f 1361/806/527 1360/807/527 1364/808/527 1365/809/527 1366/810/527
f 1266/1/510 1267/1/510 1261/1/510 1260/1/510
f 1542/1/496 1543/1/496 1545/1/496 1544/1/496
f 1548/1/513 1549/1/513 1547/1/513 1546/1/513
f 1187/1/507 1188/1/507 1200/1/507 1199/1/507
f 1586/1/505 1587/1/505 1565/1/505 1564/1/505
f 1480/758/4 1481/736/4 465/165/4 461/122/4
f 1388/1/492 1389/1/492 1385/1/492 1384/1/492 1394/1/492
f 1403/1/518 1404/1/518 1408/1/518 1407/1/518
f 1484/811/214 1485/812/214 466/187/214 415/187/214
f 1172/1/502 1173/1/502 1171/1/502 1170/1/502
f 1463/1/510 1464/1/510 1466/1/510 1465/1/510
f 1560/1/504 1561/1/504 1575/1/504 1574/1/504
f 1378/1/493 1379/1/493 1391/1/493 1390/1/493
f 1301/1/501 1302/1/501 1321/1/501 1320/1/501
f 1315/1/517 1314/1/517 1334/1/517 1335/1/517
f 1332/1/489 1333/1/489 1306/1/489 1305/1/489
f 1366/554/5 1361/813/5 1357/814/5 1359/815/5 1354/816/5 1363/817/5 1483/818/5 1486/819/5 407/123/5 402/71/5
f 1570/1/491 1571/1/491 1581/1/491 1580/1/491
f 1343/820/528 1342/821/528 1336/822/528 1337/823/528
f 1487/824/4 1482/825/4 1362/826/4 1353/827/4 1358/828/4 1356/600/4 445/71/4 462/123/4
f 1505/1/501 1506/1/501 1520/1/501 1519/1/501 1521/1/501
f 1295/1/517 1296/1/517 1327/1/517 1326/1/517
f 1291/1/499 1292/1/499 1282/1/499 1281/1/499
f 1278/1/501 1277/1/501 1274/1/501 1276/1/501 1275/1/501
f 1348/757/529 1347/756/529 1346/829/529 1344/830/529 1345/831/529
f 1224/1/509 1223/1/509 1225/1/509 1226/1/509
f 1170/1/513 1171/1/513 1157/1/513 1156/1/513
f 1365/809/530 1364/808/530 1370/721/530 1372/720/530
f 1206/1/506 1205/1/506 1196/1/506 1195/1/506
f 1197/1/491 1198/1/491 1192/1/491 1191/1/491
f 1357/740/531 1355/739/531 1360/807/531 1361/806/531
f 1229/1/508 1230/1/508 1233/1/508 1231/1/508 1232/1/508
f 1384/1/495 1385/1/495 1381/1/495 1380/1/495
f 1530/1/512 1531/1/512 1557/1/512 1556/1/512
f 1386/1/514 1387/1/514 1379/1/514 1378/1/514
f 1456/800/3 1459/799/3 1458/832/3 1480/833/3 1481/834/3 1479/835/3 1457/836/3
f 1483/803/532 1482/802/532 1362/730/532 1363/729/532
f 1145/1/508 1144/1/508 1152/1/508 1153/1/508
f 1536/1/502 1537/1/502 1535/1/502 1534/1/502
f 1151/1/487 1150/1/487 1287/1/487 1288/1/487
f 1452/1/503 1453/1/503 1543/1/503 1542/1/503
f 1337/823/533 1336/822/533 1338/760/533 1339/759/533
f 1216/1/515 1215/1/515 1213/1/515 1214/1/515
f 1345/831/534 1344/830/534 1342/821/534 1343/820/534
f 1485/812/4 1487/824/4 462/123/4 466/187/4
f 1432/1/492 1433/1/492 1439/1/492 1438/1/492
f 1177/1/509 1176/1/509 1180/1/509 1178/1/509 1179/1/509
f 1499/1/518 1500/1/518 1506/1/518 1505/1/518
f 1195/1/490 1196/1/490 1198/1/490 1197/1/490
f 1390/1/494 1391/1/494 1389/1/494 1388/1/494
f 1486/819/5 1484/811/5 415/187/5 407/123/5
f 1473/797/2 1471/796/2 1474/796/2 1475/796/2 1476/837/2 1477/838/2 1472/839/2
f 1281/1/501 1282/1/501 1294/1/501 1293/1/501
f 1248/1/512 1249/1/512 1251/1/512 1250/1/512
f 1401/1/516 1402/1/516 1398/1/516 1397/1/516
f 781/143/6 1144/489/6 1152/840/6 1150/841/6 1287/842/6 1277/843/6 1274/844/6 1314/845/6 1334/846/6 1322/847/6 1324/848/6 1312/849/6 1316/850/6 1289/851/6 1279/852/6 1181/853/6 1176/854/6 1180/473/6 766/161/6 761/353/6
f 1244/1/490 1245/1/490 1241/1/490 1240/1/490
f 1528/1/507 1529/1/507 1531/1/507 1530/1/507
