# Blender 4.1.1
# www.blender.org
mtllib casebottomver1.mtl
o Cube.002
v 5.142705 0.574385 -16.477186
v 5.142978 0.574385 -16.477213
v 5.143241 0.574385 -16.477293
v 5.143483 0.574385 -16.477423
v 5.143695 0.574385 -16.477596
v 5.143869 0.574385 -16.477808
v 5.143998 0.574385 -16.478050
v 5.144078 0.574385 -16.478313
v 5.144105 0.574385 -16.478586
v 5.144078 0.574385 -16.478859
v 5.143998 0.574385 -16.479122
v 5.143869 0.574385 -16.479364
v 5.143695 0.574385 -16.479576
v 5.143483 0.574385 -16.479750
v 5.143241 0.574385 -16.479879
v 5.142978 0.574385 -16.479959
v 5.142705 0.574385 -16.479986
v 5.142432 0.574385 -16.479959
v 5.142169 0.574385 -16.479879
v 5.141927 0.574385 -16.479750
v 5.141715 0.574385 -16.479576
v 5.141541 0.574385 -16.479364
v 5.141411 0.574385 -16.479122
v 5.141332 0.574385 -16.478859
v 5.141305 0.574385 -16.478586
v 5.141332 0.574385 -16.478313
v 5.141411 0.574385 -16.478050
v 5.141541 0.574385 -16.477808
v 5.141715 0.574385 -16.477596
v 5.141927 0.574385 -16.477423
v 5.142169 0.574385 -16.477293
v 5.142432 0.574385 -16.477213
v 5.194775 0.574385 -16.482267
v 5.195048 0.574385 -16.482294
v 5.195311 0.574385 -16.482374
v 5.195553 0.574385 -16.482504
v 5.195765 0.574385 -16.482677
v 5.195939 0.574385 -16.482889
v 5.196068 0.574385 -16.483131
v 5.196148 0.574385 -16.483395
v 5.196175 0.574385 -16.483667
v 5.196148 0.574385 -16.483940
v 5.196068 0.574385 -16.484203
v 5.195939 0.574385 -16.484446
v 5.195765 0.574385 -16.484657
v 5.195553 0.574385 -16.484831
v 5.195311 0.574385 -16.484961
v 5.195048 0.574385 -16.485041
v 5.194775 0.574385 -16.485067
v 5.194502 0.574385 -16.485041
v 5.194239 0.574385 -16.484961
v 5.193997 0.574385 -16.484831
v 5.193785 0.574385 -16.484657
v 5.193611 0.574385 -16.484446
v 5.193481 0.574385 -16.484203
v 5.193402 0.574385 -16.483940
v 5.193375 0.574385 -16.483667
v 5.193402 0.574385 -16.483395
v 5.193481 0.574385 -16.483131
v 5.193611 0.574385 -16.482889
v 5.193785 0.574385 -16.482677
v 5.193997 0.574385 -16.482504
v 5.194239 0.574385 -16.482374
v 5.194502 0.574385 -16.482294
v 5.194775 0.574385 -16.510206
v 5.195048 0.574385 -16.510233
v 5.195311 0.574385 -16.510313
v 5.195553 0.574385 -16.510443
v 5.195765 0.574385 -16.510616
v 5.195939 0.574385 -16.510830
v 5.196068 0.574385 -16.511070
v 5.196148 0.574385 -16.511333
v 5.196175 0.574385 -16.511606
v 5.196148 0.574385 -16.511881
v 5.196068 0.574385 -16.512142
v 5.195939 0.574385 -16.512384
v 5.195765 0.574385 -16.512596
v 5.195553 0.574385 -16.512772
v 5.195311 0.574385 -16.512899
v 5.195048 0.574385 -16.512980
v 5.194775 0.574385 -16.513006
v 5.194502 0.574385 -16.512980
v 5.194239 0.574385 -16.512899
v 5.193997 0.574385 -16.512772
v 5.193785 0.574385 -16.512596
v 5.193611 0.574385 -16.512384
v 5.193481 0.574385 -16.512142
v 5.193402 0.574385 -16.511881
v 5.193375 0.574385 -16.511606
v 5.193402 0.574385 -16.511333
v 5.193481 0.574385 -16.511070
v 5.193611 0.574385 -16.510830
v 5.193785 0.574385 -16.510616
v 5.193997 0.574385 -16.510443
v 5.194239 0.574385 -16.510313
v 5.194502 0.574385 -16.510233
v 5.143975 0.574385 -16.525448
v 5.144248 0.574385 -16.525475
v 5.144511 0.574385 -16.525553
v 5.144753 0.574385 -16.525682
v 5.144965 0.574385 -16.525856
v 5.145139 0.574385 -16.526070
v 5.145268 0.574385 -16.526312
v 5.145348 0.574385 -16.526573
v 5.145375 0.574385 -16.526848
v 5.145348 0.574385 -16.527121
v 5.145268 0.574385 -16.527382
v 5.145139 0.574385 -16.527624
v 5.144965 0.574385 -16.527838
v 5.144753 0.574385 -16.528011
v 5.144511 0.574385 -16.528141
v 5.144248 0.574385 -16.528219
v 5.143975 0.574385 -16.528248
v 5.143702 0.574385 -16.528219
v 5.143439 0.574385 -16.528141
v 5.143197 0.574385 -16.528011
v 5.142985 0.574385 -16.527838
v 5.142811 0.574385 -16.527624
v 5.142682 0.574385 -16.527382
v 5.142602 0.574385 -16.527121
v 5.142575 0.574385 -16.526848
v 5.142602 0.574385 -16.526573
v 5.142682 0.574385 -16.526312
v 5.142811 0.574385 -16.526070
v 5.142985 0.574385 -16.525856
v 5.143197 0.574385 -16.525682
v 5.143439 0.574385 -16.525553
v 5.143702 0.574385 -16.525475
v 5.153336 0.567727 -16.460058
v 5.175368 0.567727 -16.460058
v 5.153336 0.567727 -16.471481
v 5.175368 0.567727 -16.471481
v 5.158473 0.562883 -16.517607
v 5.158473 0.562883 -16.491705
v 5.204421 0.565765 -16.540426
v 5.209152 0.565765 -16.534670
v 5.204421 0.562618 -16.534670
v 5.206783 0.565765 -16.539658
v 5.204421 0.564194 -16.539658
v 5.206683 0.564260 -16.538910
v 5.208519 0.564194 -16.534670
v 5.208519 0.565765 -16.537544
v 5.207906 0.564260 -16.537422
v 5.204421 0.563039 -16.537544
v 5.206783 0.563039 -16.534670
v 5.206683 0.563447 -16.537422
v 5.204421 0.562618 -16.491705
v 5.209152 0.565765 -16.491705
v 5.206786 0.563040 -16.491705
v 5.208518 0.564192 -16.491705
v 5.209152 0.565765 -16.517607
v 5.204421 0.562618 -16.517607
v 5.208518 0.564192 -16.517607
v 5.206786 0.563040 -16.517607
v 5.158473 0.562883 -16.478754
v 5.204421 0.562618 -16.478754
v 5.206786 0.563040 -16.478754
v 5.208518 0.564192 -16.478754
v 5.209152 0.565765 -16.478754
v 5.158473 0.565557 -16.540411
v 5.158473 0.562883 -16.535049
v 5.158473 0.564088 -16.539698
v 5.158473 0.562883 -16.537735
v 5.209152 0.572873 -16.534670
v 5.208519 0.572873 -16.537544
v 5.206783 0.572873 -16.539658
v 5.209152 0.572873 -16.517607
v 5.209152 0.572873 -16.491705
v 5.209152 0.572873 -16.478754
v 5.173930 0.576446 -16.548111
v 5.183558 0.576446 -16.548111
v 5.209152 0.576446 -16.534670
v 5.208519 0.576446 -16.537544
v 5.206783 0.576446 -16.539658
v 5.204421 0.576446 -16.540426
v 5.209152 0.576426 -16.517607
v 5.209152 0.576426 -16.491705
v 5.209152 0.576426 -16.478754
v 5.200217 0.576446 -16.547874
v 5.158473 0.576446 -16.548111
v 5.167678 0.564145 -16.514044
v 5.167678 0.564145 -16.490517
v 5.158473 0.564145 -16.514044
v 5.158473 0.564145 -16.490517
v 5.200206 0.566763 -16.534769
v 5.204503 0.566763 -16.529539
v 5.200206 0.563905 -16.529539
v 5.202352 0.566763 -16.534071
v 5.200206 0.565336 -16.534071
v 5.202261 0.565396 -16.533392
v 5.203928 0.565336 -16.529539
v 5.203928 0.566763 -16.532150
v 5.203371 0.565396 -16.532040
v 5.200206 0.564286 -16.532150
v 5.202352 0.564286 -16.529539
v 5.202261 0.564657 -16.532040
v 5.186090 0.566763 -16.534769
v 5.186090 0.565334 -16.534067
v 5.185982 0.564287 -16.532154
v 5.200206 0.563905 -16.490517
v 5.204503 0.566763 -16.490517
v 5.202354 0.564288 -16.490517
v 5.203927 0.565334 -16.490517
v 5.204503 0.566763 -16.514044
v 5.200206 0.563905 -16.514044
v 5.203927 0.565334 -16.514044
v 5.202354 0.564288 -16.514044
v 5.167678 0.564145 -16.478754
v 5.158473 0.564145 -16.478754
v 5.200206 0.563905 -16.478754
v 5.202354 0.564288 -16.478754
v 5.203927 0.565334 -16.478754
v 5.204503 0.566763 -16.478754
v 5.185739 0.563905 -16.514044
v 5.185739 0.563905 -16.490517
v 5.185739 0.563905 -16.529539
v 5.185739 0.563905 -16.478754
v 5.167678 0.564145 -16.529886
v 5.167678 0.566574 -16.534740
v 5.167678 0.564145 -16.532324
v 5.167678 0.565239 -16.534101
v 5.158473 0.566574 -16.534756
v 5.158473 0.564145 -16.529886
v 5.158473 0.565239 -16.534107
v 5.158473 0.564145 -16.532326
v 5.172512 0.573219 -16.541750
v 5.181257 0.573219 -16.541750
v 5.204503 0.573219 -16.529539
v 5.203928 0.573219 -16.532150
v 5.202352 0.573219 -16.534071
v 5.200206 0.573219 -16.534769
v 5.204503 0.573219 -16.514044
v 5.186090 0.573219 -16.534769
v 5.204503 0.573219 -16.490517
v 5.204503 0.573219 -16.478754
v 5.158473 0.573109 -16.534721
v 5.167678 0.573080 -16.534676
v 5.196388 0.573219 -16.541533
v 5.158473 0.573219 -16.541750
v 5.204503 0.576446 -16.514044
v 5.204503 0.576446 -16.490517
v 5.204503 0.576446 -16.478754
v 5.169030 0.562753 -16.517607
v 5.168102 0.562883 -16.517607
v 5.168583 0.562845 -16.517607
v 5.184056 0.561369 -16.491705
v 5.183083 0.561237 -16.491705
v 5.183578 0.561276 -16.491705
v 5.183083 0.561237 -16.517607
v 5.184056 0.561369 -16.517607
v 5.183578 0.561276 -16.517607
v 5.174437 0.561237 -16.517607
v 5.173478 0.561377 -16.517607
v 5.173945 0.561278 -16.517607
v 5.183052 0.565917 -16.548111
v 5.183906 0.565905 -16.547609
v 5.183512 0.565913 -16.547964
v 5.174437 0.561237 -16.540400
v 5.173479 0.561377 -16.540173
v 5.173946 0.561278 -16.540333
v 5.173579 0.565907 -16.547602
v 5.174437 0.565917 -16.548111
v 5.173975 0.565914 -16.547962
v 5.169034 0.562752 -16.491705
v 5.168102 0.562883 -16.491705
v 5.168584 0.562845 -16.491705
v 5.174437 0.561237 -16.491705
v 5.173477 0.561377 -16.491705
v 5.173945 0.561278 -16.491705
v 5.188550 0.565775 -16.540903
v 5.189387 0.565765 -16.540426
v 5.188931 0.565768 -16.540565
v 5.184020 0.561381 -16.540165
v 5.183083 0.561239 -16.540417
v 5.183567 0.561281 -16.540344
v 5.189387 0.564192 -16.539654
v 5.188463 0.564177 -16.540071
v 5.188907 0.564187 -16.539776
v 5.189268 0.563040 -16.537546
v 5.188309 0.562882 -16.537798
v 5.188776 0.562993 -16.537621
v 5.168102 0.562883 -16.478754
v 5.169035 0.562751 -16.478754
v 5.168585 0.562845 -16.478754
v 5.183083 0.561237 -16.478754
v 5.184056 0.561369 -16.478754
v 5.183578 0.561276 -16.478754
v 5.173477 0.561377 -16.478754
v 5.174437 0.561237 -16.478754
v 5.173945 0.561278 -16.478754
v 5.188055 0.562495 -16.517607
v 5.189000 0.562618 -16.517607
v 5.188513 0.562582 -16.517607
v 5.189000 0.562618 -16.491705
v 5.188052 0.562494 -16.491705
v 5.188512 0.562582 -16.491705
v 5.189000 0.562618 -16.534670
v 5.188060 0.562497 -16.535175
v 5.188514 0.562582 -16.534817
v 5.188051 0.562494 -16.478754
v 5.189000 0.562618 -16.478754
v 5.188511 0.562582 -16.478754
v 5.169023 0.562755 -16.535465
v 5.168102 0.562883 -16.535049
v 5.168581 0.562846 -16.535172
v 5.168102 0.565557 -16.540396
v 5.168991 0.565583 -16.540951
v 5.168572 0.565565 -16.540558
v 5.168102 0.562883 -16.537733
v 5.169012 0.562758 -16.537935
v 5.168578 0.562847 -16.537792
v 5.168102 0.564088 -16.539690
v 5.168997 0.564221 -16.540306
v 5.168574 0.564127 -16.539871
v 5.173605 0.572526 -16.547638
v 5.172850 0.572861 -16.547495
v 5.174437 0.573210 -16.548111
v 5.173306 0.572762 -16.547482
v 5.173710 0.572867 -16.547863
v 5.173643 0.572968 -16.547932
v 5.173983 0.572868 -16.547972
v 5.183052 0.573210 -16.548119
v 5.184659 0.572873 -16.547480
v 5.183885 0.572536 -16.547640
v 5.183857 0.572971 -16.547926
v 5.183784 0.572873 -16.547861
v 5.184192 0.572774 -16.547478
v 5.183506 0.572873 -16.547976
v 5.203458 0.572873 -16.541042
v 5.204421 0.572873 -16.540426
v 5.203939 0.572873 -16.540733
v 5.189387 0.572536 -16.540426
v 5.188550 0.572536 -16.540903
v 5.189116 0.572873 -16.541042
v 5.188932 0.572536 -16.540565
v 5.188961 0.572730 -16.540640
v 5.188752 0.572774 -16.540890
v 5.189251 0.572774 -16.540606
v 5.158473 0.572762 -16.540991
v 5.158473 0.572415 -16.540377
v 5.158473 0.572657 -16.540556
v 5.168102 0.572385 -16.540329
v 5.168371 0.572735 -16.540939
v 5.168986 0.572394 -16.540880
v 5.168237 0.572627 -16.540506
v 5.168537 0.572584 -16.540554
v 5.168758 0.572632 -16.540825
v 5.168570 0.572389 -16.540489
v 5.199948 0.572873 -16.547260
v 5.200217 0.573210 -16.547874
v 5.200139 0.572971 -16.547695
v 5.158473 0.573210 -16.548111
v 5.158473 0.572863 -16.547495
v 5.158473 0.572969 -16.547932
v 5.172512 0.576446 -16.541750
v 5.172512 0.576446 -16.542366
v 5.172512 0.576446 -16.541929
v 5.181261 0.576446 -16.542366
v 5.181257 0.576446 -16.541750
v 5.181259 0.576446 -16.541929
v 5.204925 0.576446 -16.530006
v 5.204503 0.576446 -16.529539
v 5.204503 0.576446 -16.528923
v 5.204714 0.576446 -16.529774
v 5.204383 0.576446 -16.532471
v 5.203928 0.576446 -16.532150
v 5.204062 0.576446 -16.532244
v 5.202646 0.576446 -16.534584
v 5.202352 0.576446 -16.534071
v 5.202438 0.576446 -16.534220
v 5.200206 0.576446 -16.534769
v 5.200571 0.576446 -16.535257
v 5.200313 0.576446 -16.534912
v 5.196388 0.576446 -16.541533
v 5.196682 0.576446 -16.542147
v 5.196474 0.576446 -16.541712
v 5.158473 0.576446 -16.541750
v 5.158473 0.576446 -16.541750
v 5.158473 0.576446 -16.541750
v 5.112524 0.565765 -16.540426
v 5.107793 0.565765 -16.534670
v 5.112524 0.562618 -16.534670
v 5.110162 0.565765 -16.539658
v 5.112524 0.564194 -16.539658
v 5.110262 0.564260 -16.538910
v 5.108426 0.564194 -16.534670
v 5.108426 0.565765 -16.537544
v 5.109039 0.564260 -16.537422
v 5.112524 0.563039 -16.537544
v 5.110162 0.563039 -16.534670
v 5.110262 0.563447 -16.537422
v 5.112524 0.562618 -16.491705
v 5.107793 0.565765 -16.491705
v 5.110159 0.563040 -16.491705
v 5.108428 0.564192 -16.491705
v 5.107793 0.565765 -16.517607
v 5.112524 0.562618 -16.517607
v 5.108428 0.564192 -16.517607
v 5.110159 0.563040 -16.517607
v 5.112524 0.562618 -16.478754
v 5.110159 0.563040 -16.478754
v 5.108428 0.564192 -16.478754
v 5.107793 0.565765 -16.478754
v 5.107793 0.572873 -16.534670
v 5.108426 0.572873 -16.537544
v 5.110162 0.572873 -16.539658
v 5.107793 0.572873 -16.517607
v 5.107793 0.572873 -16.491705
v 5.107793 0.572873 -16.478754
v 5.143015 0.576446 -16.548111
v 5.133387 0.576446 -16.548111
v 5.107793 0.576446 -16.534670
v 5.108426 0.576446 -16.537544
v 5.110162 0.576446 -16.539658
v 5.112524 0.576446 -16.540426
v 5.107793 0.576426 -16.517607
v 5.107793 0.576426 -16.491705
v 5.107793 0.576426 -16.478754
v 5.116728 0.576446 -16.547874
v 5.149267 0.564145 -16.514044
v 5.149267 0.564145 -16.490517
v 5.116739 0.566763 -16.534769
v 5.112442 0.566763 -16.529539
v 5.116739 0.563905 -16.529539
v 5.114594 0.566763 -16.534071
v 5.116739 0.565336 -16.534071
v 5.114684 0.565396 -16.533392
v 5.113017 0.565336 -16.529539
v 5.113017 0.566763 -16.532150
v 5.113574 0.565396 -16.532040
v 5.116739 0.564286 -16.532150
v 5.114594 0.564286 -16.529539
v 5.114684 0.564657 -16.532040
v 5.130855 0.566763 -16.534769
v 5.130855 0.565334 -16.534067
v 5.130963 0.564287 -16.532154
v 5.116739 0.563905 -16.490517
v 5.112442 0.566763 -16.490517
v 5.114591 0.564288 -16.490517
v 5.113018 0.565334 -16.490517
v 5.112442 0.566763 -16.514044
v 5.116739 0.563905 -16.514044
v 5.113018 0.565334 -16.514044
v 5.114591 0.564288 -16.514044
v 5.149267 0.564145 -16.478754
v 5.116739 0.563905 -16.478754
v 5.114591 0.564288 -16.478754
v 5.113018 0.565334 -16.478754
v 5.112442 0.566763 -16.478754
v 5.131207 0.563905 -16.514044
v 5.131207 0.563905 -16.490517
v 5.131207 0.563905 -16.529539
v 5.131207 0.563905 -16.478754
v 5.149267 0.564145 -16.529886
v 5.149267 0.566574 -16.534740
v 5.149267 0.564145 -16.532324
v 5.149267 0.565239 -16.534101
v 5.144433 0.573219 -16.541750
v 5.135688 0.573219 -16.541750
v 5.112442 0.573219 -16.529539
v 5.113017 0.573219 -16.532150
v 5.114594 0.573219 -16.534071
v 5.116739 0.573219 -16.534769
v 5.112442 0.573219 -16.514044
v 5.130855 0.573219 -16.534769
v 5.112442 0.573219 -16.490517
v 5.112442 0.573219 -16.478754
v 5.149267 0.573080 -16.534676
v 5.120557 0.573219 -16.541533
v 5.112442 0.576446 -16.514044
v 5.112442 0.576446 -16.490517
v 5.112442 0.576446 -16.478754
v 5.147915 0.562753 -16.517607
v 5.148843 0.562883 -16.517607
v 5.148362 0.562845 -16.517607
v 5.132889 0.561369 -16.491705
v 5.133862 0.561237 -16.491705
v 5.133368 0.561276 -16.491705
v 5.133862 0.561237 -16.517607
v 5.132889 0.561369 -16.517607
v 5.133368 0.561276 -16.517607
v 5.142509 0.561237 -16.517607
v 5.143467 0.561377 -16.517607
v 5.143000 0.561278 -16.517607
v 5.133893 0.565917 -16.548111
v 5.133039 0.565905 -16.547609
v 5.133433 0.565913 -16.547964
v 5.142509 0.561237 -16.540400
v 5.143466 0.561377 -16.540173
v 5.142999 0.561278 -16.540333
v 5.143366 0.565907 -16.547602
v 5.142509 0.565917 -16.548111
v 5.142970 0.565914 -16.547962
v 5.147912 0.562752 -16.491705
v 5.148843 0.562883 -16.491705
v 5.148361 0.562845 -16.491705
v 5.142509 0.561237 -16.491705
v 5.143468 0.561377 -16.491705
v 5.143000 0.561278 -16.491705
v 5.128396 0.565775 -16.540903
v 5.127558 0.565765 -16.540426
v 5.128014 0.565768 -16.540565
v 5.132926 0.561381 -16.540165
v 5.133862 0.561239 -16.540417
v 5.133378 0.561281 -16.540344
v 5.127558 0.564192 -16.539654
v 5.128482 0.564177 -16.540071
v 5.128038 0.564187 -16.539776
v 5.127677 0.563040 -16.537546
v 5.128636 0.562882 -16.537798
v 5.128169 0.562993 -16.537621
v 5.148843 0.562883 -16.478754
v 5.147910 0.562751 -16.478754
v 5.148360 0.562845 -16.478754
v 5.133862 0.561237 -16.478754
v 5.132889 0.561369 -16.478754
v 5.133368 0.561276 -16.478754
v 5.143468 0.561377 -16.478754
v 5.142509 0.561237 -16.478754
v 5.143000 0.561278 -16.478754
v 5.128890 0.562495 -16.517607
v 5.127945 0.562618 -16.517607
v 5.128432 0.562582 -16.517607
v 5.127945 0.562618 -16.491705
v 5.128893 0.562494 -16.491705
v 5.128433 0.562582 -16.491705
v 5.127945 0.562618 -16.534670
v 5.128885 0.562497 -16.535175
v 5.128431 0.562582 -16.534817
v 5.128894 0.562494 -16.478754
v 5.127945 0.562618 -16.478754
v 5.128434 0.562582 -16.478754
v 5.147923 0.562755 -16.535465
v 5.148843 0.562883 -16.535049
v 5.148364 0.562846 -16.535172
v 5.148843 0.565557 -16.540396
v 5.147954 0.565583 -16.540951
v 5.148373 0.565565 -16.540558
v 5.148843 0.562883 -16.537733
v 5.147933 0.562758 -16.537935
v 5.148367 0.562847 -16.537792
v 5.148843 0.564088 -16.539690
v 5.147948 0.564221 -16.540306
v 5.148371 0.564127 -16.539871
v 5.143340 0.572526 -16.547638
v 5.144095 0.572861 -16.547495
v 5.142509 0.573210 -16.548111
v 5.143639 0.572762 -16.547482
v 5.143235 0.572867 -16.547863
v 5.143302 0.572968 -16.547932
v 5.142962 0.572868 -16.547972
v 5.133893 0.573210 -16.548119
v 5.132286 0.572873 -16.547480
v 5.133060 0.572536 -16.547640
v 5.133088 0.572971 -16.547926
v 5.133161 0.572873 -16.547861
v 5.132753 0.572774 -16.547478
v 5.133439 0.572873 -16.547976
v 5.113487 0.572873 -16.541042
v 5.112524 0.572873 -16.540426
v 5.113006 0.572873 -16.540733
v 5.127558 0.572536 -16.540426
v 5.128396 0.572536 -16.540903
v 5.127830 0.572873 -16.541042
v 5.128013 0.572536 -16.540565
v 5.127985 0.572730 -16.540640
v 5.128193 0.572774 -16.540890
v 5.127694 0.572774 -16.540606
v 5.148843 0.572385 -16.540329
v 5.148574 0.572735 -16.540939
v 5.147959 0.572394 -16.540880
v 5.148708 0.572627 -16.540506
v 5.148408 0.572584 -16.540554
v 5.148187 0.572632 -16.540825
v 5.148375 0.572389 -16.540489
v 5.116997 0.572873 -16.547260
v 5.116728 0.573210 -16.547874
v 5.116807 0.572971 -16.547695
v 5.144433 0.576446 -16.541750
v 5.144433 0.576446 -16.542366
v 5.144433 0.576446 -16.541929
v 5.135684 0.576446 -16.542366
v 5.135688 0.576446 -16.541750
v 5.135686 0.576446 -16.541929
v 5.112020 0.576446 -16.530006
v 5.112442 0.576446 -16.529539
v 5.112442 0.576446 -16.528923
v 5.112231 0.576446 -16.529774
v 5.112562 0.576446 -16.532471
v 5.113017 0.576446 -16.532150
v 5.112883 0.576446 -16.532244
v 5.114299 0.576446 -16.534584
v 5.114594 0.576446 -16.534071
v 5.114507 0.576446 -16.534220
v 5.116739 0.576446 -16.534769
v 5.116374 0.576446 -16.535257
v 5.116632 0.576446 -16.534912
v 5.120557 0.576446 -16.541533
v 5.120263 0.576446 -16.542147
v 5.120471 0.576446 -16.541712
v 5.158473 0.562883 -16.439901
v 5.158473 0.562883 -16.465803
v 5.204421 0.565765 -16.417082
v 5.209152 0.565765 -16.422838
v 5.204421 0.562618 -16.422838
v 5.206783 0.565765 -16.417850
v 5.204421 0.564194 -16.417850
v 5.206683 0.564260 -16.418598
v 5.208519 0.564194 -16.422838
v 5.208519 0.565765 -16.419964
v 5.207906 0.564260 -16.420086
v 5.204421 0.563039 -16.419964
v 5.206783 0.563039 -16.422838
v 5.206683 0.563447 -16.420086
v 5.204421 0.562618 -16.465803
v 5.209152 0.565765 -16.465803
v 5.206786 0.563040 -16.465803
v 5.208518 0.564192 -16.465803
v 5.209152 0.565765 -16.439901
v 5.204421 0.562618 -16.439901
v 5.208518 0.564192 -16.439901
v 5.206786 0.563040 -16.439901
v 5.158473 0.565557 -16.417097
v 5.158473 0.562883 -16.422459
v 5.158473 0.564088 -16.417810
v 5.158473 0.562883 -16.419773
v 5.209152 0.572873 -16.422838
v 5.208519 0.572873 -16.419964
v 5.206783 0.572873 -16.417850
v 5.209152 0.572873 -16.439901
v 5.209152 0.572873 -16.465803
v 5.173930 0.576446 -16.409397
v 5.183558 0.576446 -16.409397
v 5.209152 0.576446 -16.422838
v 5.208519 0.576446 -16.419964
v 5.206783 0.576446 -16.417850
v 5.204421 0.576446 -16.417082
v 5.209152 0.576426 -16.439901
v 5.209152 0.576426 -16.465803
v 5.200217 0.576446 -16.409634
v 5.158473 0.576446 -16.409397
v 5.167678 0.564145 -16.443464
v 5.158473 0.564145 -16.443464
v 5.200206 0.566763 -16.422739
v 5.204503 0.566763 -16.427969
v 5.200206 0.563905 -16.427969
v 5.202352 0.566763 -16.423437
v 5.200206 0.565336 -16.423437
v 5.202261 0.565396 -16.424116
v 5.203928 0.565336 -16.427969
v 5.203928 0.566763 -16.425358
v 5.203371 0.565396 -16.425468
v 5.200206 0.564286 -16.425358
v 5.202352 0.564286 -16.427969
v 5.202261 0.564657 -16.425468
v 5.186090 0.566763 -16.422739
v 5.186090 0.565334 -16.423441
v 5.185982 0.564287 -16.425354
v 5.200206 0.563905 -16.466991
v 5.204503 0.566763 -16.466991
v 5.202354 0.564288 -16.466991
v 5.203927 0.565334 -16.466991
v 5.204503 0.566763 -16.443464
v 5.200206 0.563905 -16.443464
v 5.203927 0.565334 -16.443464
v 5.202354 0.564288 -16.443464
v 5.185739 0.563905 -16.443464
v 5.185739 0.563905 -16.466991
v 5.185739 0.563905 -16.427969
v 5.167678 0.564145 -16.427622
v 5.167678 0.566574 -16.422768
v 5.167678 0.564145 -16.425184
v 5.167678 0.565239 -16.423407
v 5.158473 0.566574 -16.422752
v 5.158473 0.564145 -16.427622
v 5.158473 0.565239 -16.423401
v 5.158473 0.564145 -16.425182
v 5.172512 0.573219 -16.415758
v 5.181257 0.573219 -16.415758
v 5.204503 0.573219 -16.427969
v 5.203928 0.573219 -16.425358
v 5.202352 0.573219 -16.423437
v 5.200206 0.573219 -16.422739
v 5.204503 0.573219 -16.443464
v 5.186090 0.573219 -16.422739
v 5.204503 0.573219 -16.466991
v 5.158473 0.573109 -16.422787
v 5.167678 0.573080 -16.422832
v 5.196388 0.573219 -16.415976
v 5.158473 0.573219 -16.415758
v 5.204503 0.576446 -16.443464
v 5.204503 0.576446 -16.466991
v 5.169030 0.562753 -16.439901
v 5.168102 0.562883 -16.439901
v 5.168583 0.562845 -16.439901
v 5.184056 0.561369 -16.465803
v 5.183083 0.561237 -16.465803
v 5.183578 0.561276 -16.465803
v 5.183083 0.561237 -16.439901
v 5.184056 0.561369 -16.439901
v 5.183578 0.561276 -16.439901
v 5.174437 0.561237 -16.439901
v 5.173478 0.561377 -16.439901
v 5.173945 0.561278 -16.439901
v 5.183052 0.565917 -16.409397
v 5.183906 0.565905 -16.409899
v 5.183512 0.565913 -16.409544
v 5.174437 0.561237 -16.417109
v 5.173479 0.561377 -16.417336
v 5.173946 0.561278 -16.417175
v 5.173579 0.565907 -16.409906
v 5.174437 0.565917 -16.409397
v 5.173975 0.565914 -16.409546
v 5.169034 0.562752 -16.465803
v 5.168102 0.562883 -16.465803
v 5.168584 0.562845 -16.465803
v 5.174437 0.561237 -16.465803
v 5.173477 0.561377 -16.465803
v 5.173945 0.561278 -16.465803
v 5.188550 0.565775 -16.416605
v 5.189387 0.565765 -16.417082
v 5.188931 0.565768 -16.416943
v 5.184020 0.561381 -16.417343
v 5.183083 0.561239 -16.417091
v 5.183567 0.561281 -16.417164
v 5.189387 0.564192 -16.417854
v 5.188463 0.564177 -16.417437
v 5.188907 0.564187 -16.417732
v 5.189268 0.563040 -16.419962
v 5.188309 0.562882 -16.419710
v 5.188776 0.562993 -16.419888
v 5.188055 0.562495 -16.439901
v 5.189000 0.562618 -16.439901
v 5.188513 0.562582 -16.439901
v 5.189000 0.562618 -16.465803
v 5.188052 0.562494 -16.465803
v 5.188512 0.562582 -16.465803
v 5.189000 0.562618 -16.422838
v 5.188060 0.562497 -16.422333
v 5.188514 0.562582 -16.422691
v 5.169023 0.562755 -16.422043
v 5.168102 0.562883 -16.422459
v 5.168581 0.562846 -16.422337
v 5.168102 0.565557 -16.417112
v 5.168991 0.565583 -16.416557
v 5.168572 0.565565 -16.416950
v 5.168102 0.562883 -16.419775
v 5.169012 0.562758 -16.419573
v 5.168578 0.562847 -16.419716
v 5.168102 0.564088 -16.417818
v 5.168997 0.564221 -16.417202
v 5.168574 0.564127 -16.417637
v 5.173605 0.572526 -16.409870
v 5.172850 0.572861 -16.410013
v 5.174437 0.573210 -16.409397
v 5.173306 0.572762 -16.410027
v 5.173710 0.572867 -16.409645
v 5.173643 0.572968 -16.409576
v 5.173983 0.572868 -16.409536
v 5.183052 0.573210 -16.409389
v 5.184659 0.572873 -16.410028
v 5.183885 0.572536 -16.409868
v 5.183857 0.572971 -16.409582
v 5.183784 0.572873 -16.409647
v 5.184192 0.572774 -16.410030
v 5.183506 0.572873 -16.409533
v 5.203458 0.572873 -16.416466
v 5.204421 0.572873 -16.417082
v 5.203939 0.572873 -16.416775
v 5.189387 0.572536 -16.417082
v 5.188550 0.572536 -16.416605
v 5.189116 0.572873 -16.416466
v 5.188932 0.572536 -16.416943
v 5.188961 0.572730 -16.416868
v 5.188752 0.572774 -16.416618
v 5.189251 0.572774 -16.416903
v 5.158473 0.572762 -16.416517
v 5.158473 0.572415 -16.417131
v 5.158473 0.572657 -16.416952
v 5.168102 0.572385 -16.417179
v 5.168371 0.572735 -16.416569
v 5.168986 0.572394 -16.416628
v 5.168237 0.572627 -16.417002
v 5.168537 0.572584 -16.416954
v 5.168758 0.572632 -16.416683
v 5.168570 0.572389 -16.417019
v 5.199948 0.572873 -16.410248
v 5.200217 0.573210 -16.409634
v 5.200139 0.572971 -16.409813
v 5.158473 0.573210 -16.409397
v 5.158473 0.572863 -16.410013
v 5.158473 0.572969 -16.409576
v 5.172512 0.576446 -16.415758
v 5.172512 0.576446 -16.415142
v 5.172512 0.576446 -16.415579
v 5.181261 0.576446 -16.415142
v 5.181257 0.576446 -16.415758
v 5.181259 0.576446 -16.415579
v 5.204925 0.576446 -16.427502
v 5.204503 0.576446 -16.427969
v 5.204503 0.576446 -16.428585
v 5.204714 0.576446 -16.427734
v 5.204383 0.576446 -16.425037
v 5.203928 0.576446 -16.425358
v 5.204062 0.576446 -16.425264
v 5.202646 0.576446 -16.422924
v 5.202352 0.576446 -16.423437
v 5.202438 0.576446 -16.423288
v 5.200206 0.576446 -16.422739
v 5.200571 0.576446 -16.422251
v 5.200313 0.576446 -16.422596
v 5.196388 0.576446 -16.415976
v 5.196682 0.576446 -16.415361
v 5.196474 0.576446 -16.415796
v 5.158473 0.576446 -16.415758
v 5.158473 0.576446 -16.415758
v 5.158473 0.576446 -16.415758
v 5.112524 0.565765 -16.417082
v 5.107793 0.565765 -16.422838
v 5.112524 0.562618 -16.422838
v 5.110162 0.565765 -16.417850
v 5.112524 0.564194 -16.417850
v 5.110262 0.564260 -16.418598
v 5.108426 0.564194 -16.422838
v 5.108426 0.565765 -16.419964
v 5.109039 0.564260 -16.420086
v 5.112524 0.563039 -16.419964
v 5.110162 0.563039 -16.422838
v 5.110262 0.563447 -16.420086
v 5.112524 0.562618 -16.465803
v 5.107793 0.565765 -16.465803
v 5.110159 0.563040 -16.465803
v 5.108428 0.564192 -16.465803
v 5.107793 0.565765 -16.439901
v 5.112524 0.562618 -16.439901
v 5.108428 0.564192 -16.439901
v 5.110159 0.563040 -16.439901
v 5.107793 0.572873 -16.422838
v 5.108426 0.572873 -16.419964
v 5.110162 0.572873 -16.417850
v 5.107793 0.572873 -16.439901
v 5.107793 0.572873 -16.465803
v 5.143015 0.576446 -16.409397
v 5.133387 0.576446 -16.409397
v 5.107793 0.576446 -16.422838
v 5.108426 0.576446 -16.419964
v 5.110162 0.576446 -16.417850
v 5.112524 0.576446 -16.417082
v 5.107793 0.576426 -16.439901
v 5.107793 0.576426 -16.465803
v 5.116728 0.576446 -16.409634
v 5.149267 0.564145 -16.443464
v 5.149267 0.564145 -16.466991
v 5.116739 0.566763 -16.422739
v 5.112442 0.566763 -16.427969
v 5.116739 0.563905 -16.427969
v 5.114594 0.566763 -16.423437
v 5.116739 0.565336 -16.423437
v 5.114684 0.565396 -16.424116
v 5.113017 0.565336 -16.427969
v 5.113017 0.566763 -16.425358
v 5.113574 0.565396 -16.425468
v 5.116739 0.564286 -16.425358
v 5.114594 0.564286 -16.427969
v 5.114684 0.564657 -16.425468
v 5.130855 0.566763 -16.422739
v 5.130855 0.565334 -16.423441
v 5.130963 0.564287 -16.425354
v 5.116739 0.563905 -16.466991
v 5.112442 0.566763 -16.466991
v 5.114591 0.564288 -16.466991
v 5.113018 0.565334 -16.466991
v 5.112442 0.566763 -16.443464
v 5.116739 0.563905 -16.443464
v 5.113018 0.565334 -16.443464
v 5.114591 0.564288 -16.443464
v 5.131207 0.563905 -16.443464
v 5.131207 0.563905 -16.466991
v 5.131207 0.563905 -16.427969
v 5.149267 0.564145 -16.427622
v 5.149267 0.566574 -16.422768
v 5.149267 0.564145 -16.425184
v 5.149267 0.565239 -16.423407
v 5.144433 0.573219 -16.415758
v 5.135688 0.573219 -16.415758
v 5.112442 0.573219 -16.427969
v 5.113017 0.573219 -16.425358
v 5.114594 0.573219 -16.423437
v 5.116739 0.573219 -16.422739
v 5.112442 0.573219 -16.443464
v 5.130855 0.573219 -16.422739
v 5.112442 0.573219 -16.466991
v 5.149267 0.573080 -16.422832
v 5.120557 0.573219 -16.415976
v 5.112442 0.576446 -16.443464
v 5.112442 0.576446 -16.466991
v 5.147915 0.562753 -16.439901
v 5.148843 0.562883 -16.439901
v 5.148362 0.562845 -16.439901
v 5.132889 0.561369 -16.465803
v 5.133862 0.561237 -16.465803
v 5.133368 0.561276 -16.465803
v 5.133862 0.561237 -16.439901
v 5.132889 0.561369 -16.439901
v 5.133368 0.561276 -16.439901
v 5.142509 0.561237 -16.439901
v 5.143467 0.561377 -16.439901
v 5.143000 0.561278 -16.439901
v 5.133893 0.565917 -16.409397
v 5.133039 0.565905 -16.409899
v 5.133433 0.565913 -16.409544
v 5.142509 0.561237 -16.417109
v 5.143466 0.561377 -16.417336
v 5.142999 0.561278 -16.417175
v 5.143366 0.565907 -16.409906
v 5.142509 0.565917 -16.409397
v 5.142970 0.565914 -16.409546
v 5.147912 0.562752 -16.465803
v 5.148843 0.562883 -16.465803
v 5.148361 0.562845 -16.465803
v 5.142509 0.561237 -16.465803
v 5.143468 0.561377 -16.465803
v 5.143000 0.561278 -16.465803
v 5.128396 0.565775 -16.416605
v 5.127558 0.565765 -16.417082
v 5.128014 0.565768 -16.416943
v 5.132926 0.561381 -16.417343
v 5.133862 0.561239 -16.417091
v 5.133378 0.561281 -16.417164
v 5.127558 0.564192 -16.417854
v 5.128482 0.564177 -16.417437
v 5.128038 0.564187 -16.417732
v 5.127677 0.563040 -16.419962
v 5.128636 0.562882 -16.419710
v 5.128169 0.562993 -16.419888
v 5.128890 0.562495 -16.439901
v 5.127945 0.562618 -16.439901
v 5.128432 0.562582 -16.439901
v 5.127945 0.562618 -16.465803
v 5.128893 0.562494 -16.465803
v 5.128433 0.562582 -16.465803
v 5.127945 0.562618 -16.422838
v 5.128885 0.562497 -16.422333
v 5.128431 0.562582 -16.422691
v 5.147923 0.562755 -16.422043
v 5.148843 0.562883 -16.422459
v 5.148364 0.562846 -16.422337
v 5.148843 0.565557 -16.417112
v 5.147954 0.565583 -16.416557
v 5.148373 0.565565 -16.416950
v 5.148843 0.562883 -16.419775
v 5.147933 0.562758 -16.419573
v 5.148367 0.562847 -16.419716
v 5.148843 0.564088 -16.417818
v 5.147948 0.564221 -16.417202
v 5.148371 0.564127 -16.417637
v 5.143340 0.572526 -16.409870
v 5.144095 0.572861 -16.410013
v 5.142509 0.573210 -16.409397
v 5.143639 0.572762 -16.410027
v 5.143235 0.572867 -16.409645
v 5.143302 0.572968 -16.409576
v 5.142962 0.572868 -16.409536
v 5.133893 0.573210 -16.409389
v 5.132286 0.572873 -16.410028
v 5.133060 0.572536 -16.409868
v 5.133088 0.572971 -16.409582
v 5.133161 0.572873 -16.409647
v 5.132753 0.572774 -16.410030
v 5.133439 0.572873 -16.409533
v 5.113487 0.572873 -16.416466
v 5.112524 0.572873 -16.417082
v 5.113006 0.572873 -16.416775
v 5.127558 0.572536 -16.417082
v 5.128396 0.572536 -16.416605
v 5.127830 0.572873 -16.416466
v 5.128013 0.572536 -16.416943
v 5.127985 0.572730 -16.416868
v 5.128193 0.572774 -16.416618
v 5.127694 0.572774 -16.416903
v 5.148843 0.572385 -16.417179
v 5.148574 0.572735 -16.416569
v 5.147959 0.572394 -16.416628
v 5.148708 0.572627 -16.417002
v 5.148408 0.572584 -16.416954
v 5.148187 0.572632 -16.416683
v 5.148375 0.572389 -16.417019
v 5.116997 0.572873 -16.410248
v 5.116728 0.573210 -16.409634
v 5.116807 0.572971 -16.409813
v 5.144433 0.576446 -16.415758
v 5.144433 0.576446 -16.415142
v 5.144433 0.576446 -16.415579
v 5.135684 0.576446 -16.415142
v 5.135688 0.576446 -16.415758
v 5.135686 0.576446 -16.415579
v 5.112020 0.576446 -16.427502
v 5.112442 0.576446 -16.427969
v 5.112442 0.576446 -16.428585
v 5.112231 0.576446 -16.427734
v 5.112562 0.576446 -16.425037
v 5.113017 0.576446 -16.425358
v 5.112883 0.576446 -16.425264
v 5.114299 0.576446 -16.422924
v 5.114594 0.576446 -16.423437
v 5.114507 0.576446 -16.423288
v 5.116739 0.576446 -16.422739
v 5.116374 0.576446 -16.422251
v 5.116632 0.576446 -16.422596
v 5.120557 0.576446 -16.415976
v 5.120263 0.576446 -16.415361
v 5.120471 0.576446 -16.415796
v 5.175368 0.564043 -16.471481
v 5.167678 0.564145 -16.471481
v 5.158473 0.564145 -16.471481
v 5.153336 0.564145 -16.471481
v 5.153336 0.564145 -16.460058
v 5.175368 0.564043 -16.460058
v 5.167678 0.564145 -16.460058
v 5.158473 0.564145 -16.460058
v 5.175368 0.564043 -16.466991
v 5.153336 0.564145 -16.466991
v 5.196148 0.563905 -16.483395
v 5.196175 0.563905 -16.483667
v 5.196148 0.563905 -16.483940
v 5.196148 0.563905 -16.511333
v 5.196175 0.563905 -16.511606
v 5.196148 0.563905 -16.511881
v 5.196068 0.563905 -16.483131
v 5.196068 0.563905 -16.484203
v 5.195765 0.563905 -16.512596
v 5.195553 0.563905 -16.512772
v 5.195939 0.563905 -16.482889
v 5.195939 0.563905 -16.510830
v 5.195765 0.563905 -16.510616
v 5.195765 0.563905 -16.482677
v 5.196068 0.563905 -16.512142
v 5.195939 0.563905 -16.512384
v 5.196068 0.563905 -16.511070
v 5.195765 0.563905 -16.484657
v 5.195553 0.563905 -16.484831
v 5.195939 0.563905 -16.484446
v 5.194775 0.563905 -16.513006
v 5.195048 0.563905 -16.512980
v 5.195311 0.563905 -16.484961
v 5.195553 0.563905 -16.482504
v 5.195311 0.563905 -16.510313
v 5.195553 0.563905 -16.510443
v 5.195048 0.563905 -16.510233
v 5.194775 0.563905 -16.485067
v 5.194775 0.563905 -16.482267
v 5.194775 0.563905 -16.510206
v 5.194502 0.563905 -16.510233
v 5.194502 0.563905 -16.485041
v 5.195048 0.563905 -16.485041
v 5.194502 0.563905 -16.512980
v 5.195048 0.563905 -16.482294
v 5.195311 0.563905 -16.482374
v 5.195311 0.563905 -16.512899
v 5.193611 0.563905 -16.512384
v 5.193402 0.563905 -16.511881
v 5.193997 0.563905 -16.510443
v 5.194239 0.563905 -16.510313
v 5.193611 0.563905 -16.510830
v 5.193785 0.563905 -16.482677
v 5.193481 0.563905 -16.511070
v 5.193611 0.563905 -16.482889
v 5.194502 0.563905 -16.482294
v 5.193785 0.563905 -16.512596
v 5.193997 0.563905 -16.512772
v 5.194239 0.563905 -16.512899
v 5.194239 0.563905 -16.484961
v 5.193997 0.563905 -16.484831
v 5.193402 0.563905 -16.511333
v 5.193402 0.563905 -16.483395
v 5.193481 0.563905 -16.484203
v 5.194239 0.563905 -16.482374
v 5.193785 0.563905 -16.484657
v 5.193997 0.563905 -16.482504
v 5.193611 0.563905 -16.484446
v 5.193375 0.563905 -16.511606
v 5.193402 0.563905 -16.483940
v 5.193375 0.563905 -16.483667
v 5.193481 0.563905 -16.512142
v 5.193481 0.563905 -16.483131
v 5.193785 0.563905 -16.510616
v 5.145348 0.564093 -16.527121
v 5.145375 0.564094 -16.526848
v 5.145348 0.564093 -16.526573
v 5.145268 0.564092 -16.526312
v 5.145268 0.564092 -16.527382
v 5.145139 0.564090 -16.527624
v 5.144965 0.564088 -16.525856
v 5.145139 0.564090 -16.526070
v 5.144965 0.564088 -16.527838
v 5.144753 0.564085 -16.525682
v 5.144511 0.564082 -16.525553
v 5.144753 0.564085 -16.528011
v 5.144248 0.564079 -16.528219
v 5.144511 0.564082 -16.528141
v 5.144248 0.564079 -16.525475
v 5.143975 0.564075 -16.528248
v 5.143975 0.564075 -16.525448
v 5.143998 0.564075 -16.478050
v 5.144078 0.564076 -16.478313
v 5.144105 0.564077 -16.478586
v 5.144078 0.564076 -16.478859
v 5.144088 0.564076 -16.478754
v 5.143998 0.564075 -16.479122
v 5.143702 0.564071 -16.528219
v 5.143439 0.564068 -16.528141
v 5.143197 0.564065 -16.528011
v 5.142811 0.564059 -16.527624
v 5.142985 0.564062 -16.527838
v 5.142811 0.564059 -16.526070
v 5.142985 0.564062 -16.525856
v 5.143197 0.564065 -16.525682
v 5.143439 0.564068 -16.525553
v 5.143702 0.564071 -16.525475
v 5.142978 0.564062 -16.479959
v 5.143483 0.564068 -16.479750
v 5.143241 0.564065 -16.479879
v 5.143695 0.564071 -16.479576
v 5.143869 0.564073 -16.479364
v 5.143695 0.564071 -16.477596
v 5.143869 0.564073 -16.477808
v 5.143483 0.564068 -16.477423
v 5.143241 0.564065 -16.477293
v 5.142978 0.564062 -16.477213
v 5.142705 0.564058 -16.477186
v 5.142602 0.564057 -16.527121
v 5.142682 0.564058 -16.527382
v 5.142575 0.564056 -16.526848
v 5.142682 0.564058 -16.526312
v 5.142602 0.564057 -16.526573
v 5.142705 0.564058 -16.479986
v 5.142432 0.564054 -16.479959
v 5.141927 0.564048 -16.479750
v 5.141715 0.564045 -16.479576
v 5.142169 0.564051 -16.479879
v 5.141411 0.564041 -16.479122
v 5.141541 0.564042 -16.479364
v 5.141332 0.564040 -16.478859
v 5.141332 0.564040 -16.478313
v 5.141322 0.564039 -16.478754
v 5.141305 0.564039 -16.478586
v 5.141411 0.564041 -16.478050
v 5.141541 0.564042 -16.477808
v 5.141715 0.564045 -16.477596
v 5.141927 0.564048 -16.477423
v 5.142432 0.564054 -16.477213
v 5.142169 0.564051 -16.477293
vn -0.0000 1.0000 -0.0000
vn -0.0000 -0.0000 -1.0000
vn -0.0000 -0.0000 1.0000
vn 1.0000 -0.0000 -0.0000
vn -1.0000 -0.0000 -0.0000
vn -0.0000 -1.0000 -0.0000
vn -0.2955 -0.9553 -0.0000
vn 0.2689 -0.9632 -0.0005
vn 0.7748 -0.3243 -0.5427
vn 0.2867 -0.4310 -0.8556
vn 0.7254 -0.3441 -0.5961
vn 0.9044 -0.3743 -0.2047
vn 0.5483 -0.8241 -0.1422
vn 0.1783 -0.9730 -0.1465
vn 0.1812 -0.8629 -0.4718
vn 0.5041 -0.7578 -0.4143
vn 0.9767 -0.0000 -0.2147
vn 0.7726 -0.0000 -0.6349
vn 0.8709 -0.0000 -0.4915
vn 0.1754 -0.9845 -0.0000
vn 0.5539 -0.8326 -0.0000
vn 0.9277 -0.3733 -0.0000
vn -0.0000 -0.9895 -0.1448
vn 0.1755 -0.9845 -0.0000
vn 0.9276 -0.3736 -0.0000
vn 0.2711 -0.9626 -0.0000
vn -0.0000 -0.4398 -0.8981
vn -0.0004 -0.0005 -1.0000
vn 0.0001 -1.0000 -0.0000
vn 0.0010 -0.4346 -0.9006
vn -0.0004 0.0011 -1.0000
vn 0.0032 0.0075 -1.0000
vn -0.0000 -0.8774 -0.4797
vn 0.4795 -0.7467 -0.4610
vn 0.4930 -0.7701 -0.4049
vn 0.8222 -0.0000 -0.5692
vn -0.4651 -0.7546 -0.4629
vn -0.8244 0.0028 -0.5660
vn -0.4643 -0.7534 -0.4657
vn -0.7871 -0.2669 -0.5561
vn 0.0002 -0.8520 -0.5236
vn -0.0005 -0.8547 -0.5191
vn 0.3773 -0.9207 -0.0997
vn 0.3096 -0.0000 -0.9509
vn 0.0143 -0.0000 -0.9999
vn -0.0012 -0.9998 -0.0178
vn -0.2867 0.4310 0.8556
vn -0.7254 0.3441 0.5961
vn -0.9044 0.3743 0.2047
vn -0.5483 0.8241 0.1422
vn -0.1783 0.9730 0.1465
vn -0.1812 0.8629 0.4718
vn -0.5041 0.7578 0.4143
vn -0.9767 -0.0000 0.2147
vn -0.7726 -0.0000 0.6349
vn -0.3096 -0.0000 0.9509
vn -0.1754 0.9845 -0.0000
vn -0.5539 0.8326 -0.0000
vn -0.9277 0.3733 -0.0000
vn -0.0000 0.8774 0.4797
vn -0.0000 0.4398 0.8981
vn -0.1755 0.9845 -0.0000
vn -0.9276 0.3736 -0.0000
vn -0.0000 0.9895 0.1448
vn -0.0002 0.8519 0.5236
vn -0.0010 0.4345 0.9007
vn 0.0133 0.9999 -0.0000
vn 0.0012 0.9998 0.0180
vn -0.0033 -0.0076 1.0000
vn -0.0143 -0.0000 0.9999
vn 0.0027 1.0000 0.0006
vn 0.0016 0.9971 0.0756
vn -0.0083 0.8652 0.5014
vn -0.0035 0.4365 0.8997
vn 0.0033 -0.0051 1.0000
vn -0.0051 0.9999 0.0098
vn 0.0043 1.0000 -0.0000
vn -0.8709 -0.0000 0.4915
vn -0.5093 -0.3620 -0.7808
vn -0.2253 -0.8102 -0.5411
vn -0.1947 -0.2699 -0.9430
vn 0.2065 -0.2682 -0.9410
vn 0.2325 -0.8146 -0.5313
vn 0.5142 -0.3589 -0.7790
vn 0.2268 -0.4519 -0.8628
vn 0.6222 -0.4264 -0.6565
vn 0.1567 -0.9485 -0.2753
vn -0.2570 -0.4241 -0.8684
vn -0.1708 -0.9402 -0.2947
vn -0.6418 -0.4053 -0.6510
vn 0.1907 -0.9816 -0.0000
vn 0.0775 -0.9970 -0.0000
vn -0.1504 -0.8449 -0.5133
vn -0.3760 -0.7901 -0.4841
vn -0.3006 -0.0005 -0.9537
vn -0.6687 -0.0009 -0.7435
vn -0.0830 -0.9965 -0.0000
vn -0.2066 -0.9784 -0.0000
vn -0.0832 -0.9965 -0.0000
vn -0.2067 -0.9784 -0.0000
vn 0.2437 -0.4316 -0.8685
vn 0.5606 -0.3917 -0.7296
vn 0.1400 -0.8710 -0.4710
vn 0.3406 -0.8289 -0.4438
vn 0.3889 -0.7854 -0.4816
vn 0.1540 -0.8439 -0.5139
vn 0.2036 -0.9791 -0.0006
vn 0.0816 -0.9967 -0.0002
vn -0.0833 -0.9965 -0.0000
vn -0.2068 -0.9784 -0.0000
vn 0.1127 -0.9846 -0.1338
vn 0.2710 -0.9557 -0.1148
vn 0.0741 -0.9973 -0.0000
vn 0.1871 -0.9823 -0.0000
vn 0.0735 -0.9973 -0.0000
vn 0.1864 -0.9825 -0.0000
vn 0.0744 -0.9972 -0.0000
vn 0.1874 -0.9823 -0.0000
vn -0.0773 -0.9970 -0.0001
vn -0.2004 -0.9797 -0.0003
vn -0.1287 -0.8445 -0.5199
vn -0.3277 -0.8048 -0.4949
vn -0.2922 -0.4134 -0.8624
vn -0.6376 -0.3325 -0.6949
vn -0.0785 -0.9969 -0.0000
vn -0.2017 -0.9795 -0.0000
vn -0.6839 0.0072 -0.7296
vn -0.3243 0.0095 -0.9459
vn -0.2025 -0.9793 -0.0000
vn -0.0793 -0.9969 -0.0000
vn -0.0796 -0.9968 -0.0000
vn -0.2029 -0.9792 -0.0000
vn 0.3022 -0.0011 -0.9533
vn 0.6656 -0.0009 -0.7463
vn 0.6619 -0.0000 -0.7496
vn 0.2935 -0.0000 -0.9560
vn 0.6832 -0.5562 -0.4731
vn 0.2041 -0.9687 -0.1413
vn -0.2064 -0.9654 -0.1597
vn -0.6842 -0.5505 -0.4784
vn -0.0016 -0.9711 -0.2385
vn 0.0022 -0.5944 -0.8042
vn 0.0028 -0.9910 -0.1338
vn 0.0112 -0.8932 -0.4496
vn 0.1305 -0.9882 -0.0798
vn 0.4285 -0.8641 -0.2642
vn 0.0114 -0.6039 -0.7970
vn 0.0032 -0.9753 -0.2208
vn -0.0001 -0.9715 -0.2372
vn -0.0000 -0.5986 -0.8011
vn 0.2955 -0.9553 -0.0000
vn -0.2689 -0.9632 -0.0005
vn -0.7748 -0.3243 -0.5427
vn -0.2867 -0.4310 -0.8556
vn -0.7254 -0.3441 -0.5961
vn -0.9044 -0.3743 -0.2047
vn -0.5483 -0.8241 -0.1422
vn -0.1783 -0.9730 -0.1465
vn -0.1812 -0.8629 -0.4718
vn -0.5041 -0.7578 -0.4143
vn -0.9767 -0.0000 -0.2147
vn -0.7726 -0.0000 -0.6349
vn -0.8709 -0.0000 -0.4915
vn -0.1754 -0.9845 -0.0000
vn -0.5539 -0.8326 -0.0000
vn -0.9277 -0.3733 -0.0000
vn -0.1755 -0.9845 -0.0000
vn -0.9276 -0.3736 -0.0000
vn -0.2711 -0.9626 -0.0000
vn 0.0004 -0.0005 -1.0000
vn -0.0001 -1.0000 -0.0000
vn -0.0010 -0.4346 -0.9006
vn 0.0004 0.0011 -1.0000
vn -0.0032 0.0075 -1.0000
vn -0.4795 -0.7467 -0.4610
vn -0.4930 -0.7701 -0.4049
vn -0.8222 -0.0000 -0.5692
vn 0.4651 -0.7546 -0.4629
vn 0.8244 0.0028 -0.5660
vn 0.4643 -0.7534 -0.4657
vn 0.7871 -0.2669 -0.5561
vn -0.0002 -0.8520 -0.5236
vn 0.0005 -0.8547 -0.5191
vn -0.3773 -0.9207 -0.0997
vn -0.3096 -0.0000 -0.9509
vn -0.0143 -0.0000 -0.9999
vn 0.0012 -0.9998 -0.0178
vn 0.2867 0.4310 0.8556
vn 0.7254 0.3441 0.5961
vn 0.9044 0.3743 0.2047
vn 0.5483 0.8241 0.1422
vn 0.1783 0.9730 0.1465
vn 0.1812 0.8629 0.4718
vn 0.5041 0.7578 0.4143
vn 0.9767 -0.0000 0.2147
vn 0.7726 -0.0000 0.6349
vn 0.3096 -0.0000 0.9509
vn 0.1754 0.9845 -0.0000
vn 0.5539 0.8326 -0.0000
vn 0.9277 0.3733 -0.0000
vn 0.1755 0.9845 -0.0000
vn 0.9276 0.3736 -0.0000
vn 0.0002 0.8519 0.5236
vn 0.0010 0.4345 0.9007
vn -0.0133 0.9999 -0.0000
vn -0.0012 0.9998 0.0180
vn 0.0033 -0.0076 1.0000
vn 0.0143 -0.0000 0.9999
vn -0.0027 1.0000 0.0006
vn -0.0016 0.9971 0.0756
vn 0.0083 0.8652 0.5014
vn 0.0035 0.4365 0.8997
vn -0.0033 -0.0051 1.0000
vn 0.0051 0.9999 0.0098
vn -0.0043 1.0000 -0.0000
vn 0.8709 -0.0000 0.4915
vn 0.5093 -0.3620 -0.7808
vn 0.2253 -0.8102 -0.5411
vn 0.1947 -0.2699 -0.9430
vn -0.2065 -0.2682 -0.9410
vn -0.2325 -0.8146 -0.5313
vn -0.5142 -0.3589 -0.7790
vn -0.2268 -0.4519 -0.8628
vn -0.6222 -0.4264 -0.6565
vn -0.1567 -0.9485 -0.2753
vn 0.2570 -0.4241 -0.8684
vn 0.1708 -0.9402 -0.2947
vn 0.6418 -0.4053 -0.6510
vn -0.1907 -0.9816 -0.0000
vn -0.0775 -0.9970 -0.0000
vn 0.1504 -0.8449 -0.5133
vn 0.3760 -0.7901 -0.4841
vn 0.3006 -0.0005 -0.9537
vn 0.6687 -0.0009 -0.7435
vn 0.0830 -0.9965 -0.0000
vn 0.2066 -0.9784 -0.0000
vn 0.0832 -0.9965 -0.0000
vn 0.2067 -0.9784 -0.0000
vn -0.2437 -0.4316 -0.8685
vn -0.5606 -0.3917 -0.7296
vn -0.1400 -0.8710 -0.4710
vn -0.3406 -0.8289 -0.4438
vn -0.3889 -0.7854 -0.4816
vn -0.1540 -0.8439 -0.5139
vn -0.2036 -0.9791 -0.0006
vn -0.0816 -0.9967 -0.0002
vn 0.0833 -0.9965 -0.0000
vn 0.2068 -0.9784 -0.0000
vn -0.1127 -0.9846 -0.1338
vn -0.2710 -0.9557 -0.1148
vn -0.0741 -0.9973 -0.0000
vn -0.1871 -0.9823 -0.0000
vn -0.0735 -0.9973 -0.0000
vn -0.1864 -0.9825 -0.0000
vn -0.0744 -0.9972 -0.0000
vn -0.1874 -0.9823 -0.0000
vn 0.0773 -0.9970 -0.0001
vn 0.2004 -0.9797 -0.0003
vn 0.1287 -0.8445 -0.5199
vn 0.3277 -0.8048 -0.4949
vn 0.2922 -0.4134 -0.8624
vn 0.6376 -0.3325 -0.6949
vn 0.0785 -0.9969 -0.0000
vn 0.2017 -0.9795 -0.0000
vn 0.6839 0.0072 -0.7296
vn 0.3243 0.0095 -0.9459
vn 0.2025 -0.9793 -0.0000
vn 0.0793 -0.9969 -0.0000
vn 0.0796 -0.9968 -0.0000
vn 0.2029 -0.9792 -0.0000
vn -0.3022 -0.0011 -0.9533
vn -0.6656 -0.0009 -0.7463
vn -0.6619 -0.0000 -0.7496
vn -0.2935 -0.0000 -0.9560
vn -0.6833 -0.5562 -0.4731
vn -0.2041 -0.9687 -0.1413
vn 0.2064 -0.9654 -0.1597
vn 0.6842 -0.5505 -0.4784
vn 0.0016 -0.9711 -0.2385
vn -0.0022 -0.5944 -0.8042
vn -0.0028 -0.9910 -0.1338
vn -0.0112 -0.8932 -0.4496
vn -0.1305 -0.9882 -0.0798
vn -0.4285 -0.8641 -0.2642
vn -0.0114 -0.6039 -0.7970
vn -0.0032 -0.9753 -0.2208
vn 0.0001 -0.9715 -0.2372
vn 0.2689 -0.9632 0.0005
vn 0.7748 -0.3243 0.5427
vn 0.2867 -0.4310 0.8556
vn 0.7254 -0.3441 0.5961
vn 0.9044 -0.3743 0.2047
vn 0.5483 -0.8241 0.1422
vn 0.1783 -0.9730 0.1465
vn 0.1812 -0.8629 0.4718
vn 0.5041 -0.7578 0.4143
vn -0.0000 -0.9895 0.1448
vn -0.0000 -0.4398 0.8981
vn -0.0004 -0.0005 1.0000
vn 0.0010 -0.4346 0.9006
vn -0.0004 0.0011 1.0000
vn 0.0032 0.0075 1.0000
vn -0.0000 -0.8774 0.4797
vn 0.4795 -0.7467 0.4610
vn 0.4930 -0.7701 0.4049
vn 0.8222 -0.0000 0.5692
vn -0.4651 -0.7546 0.4629
vn -0.8244 0.0028 0.5660
vn -0.4643 -0.7534 0.4657
vn -0.7871 -0.2669 0.5561
vn 0.0002 -0.8520 0.5236
vn -0.0005 -0.8547 0.5191
vn 0.3773 -0.9207 0.0997
vn -0.0012 -0.9998 0.0178
vn -0.2867 0.4310 -0.8556
vn -0.7254 0.3441 -0.5961
vn -0.9044 0.3743 -0.2047
vn -0.5483 0.8241 -0.1422
vn -0.1783 0.9730 -0.1465
vn -0.1812 0.8629 -0.4718
vn -0.5041 0.7578 -0.4143
vn -0.0000 0.8774 -0.4797
vn -0.0000 0.4398 -0.8981
vn -0.0000 0.9895 -0.1448
vn -0.0002 0.8519 -0.5236
vn -0.0010 0.4345 -0.9007
vn 0.0012 0.9998 -0.0180
vn -0.0033 -0.0076 -1.0000
vn 0.0027 1.0000 -0.0006
vn 0.0016 0.9971 -0.0756
vn -0.0083 0.8652 -0.5014
vn -0.0035 0.4365 -0.8997
vn 0.0033 -0.0051 -1.0000
vn -0.0051 0.9999 -0.0098
vn -0.5093 -0.3620 0.7808
vn -0.2253 -0.8102 0.5411
vn -0.1947 -0.2699 0.9430
vn 0.2065 -0.2682 0.9410
vn 0.2325 -0.8146 0.5313
vn 0.5142 -0.3589 0.7790
vn 0.2268 -0.4519 0.8628
vn 0.6222 -0.4264 0.6565
vn 0.1567 -0.9485 0.2753
vn -0.2570 -0.4241 0.8684
vn -0.1708 -0.9402 0.2947
vn -0.6418 -0.4053 0.6510
vn -0.1504 -0.8449 0.5133
vn -0.3760 -0.7901 0.4841
vn -0.3006 -0.0005 0.9537
vn -0.6687 -0.0009 0.7435
vn 0.2437 -0.4316 0.8685
vn 0.5606 -0.3917 0.7296
vn 0.1400 -0.8710 0.4710
vn 0.3406 -0.8289 0.4438
vn 0.3889 -0.7854 0.4816
vn 0.1540 -0.8439 0.5139
vn 0.2036 -0.9791 0.0006
vn 0.0816 -0.9967 0.0002
vn 0.1127 -0.9846 0.1338
vn 0.2710 -0.9557 0.1148
vn -0.0773 -0.9970 0.0001
vn -0.2004 -0.9797 0.0003
vn -0.1287 -0.8445 0.5199
vn -0.3277 -0.8048 0.4949
vn -0.2922 -0.4134 0.8624
vn -0.6376 -0.3325 0.6949
vn -0.6839 0.0072 0.7296
vn -0.3243 0.0095 0.9459
vn 0.3022 -0.0011 0.9533
vn 0.6656 -0.0009 0.7463
vn 0.6619 -0.0000 0.7496
vn 0.2935 -0.0000 0.9560
vn 0.6833 -0.5562 0.4731
vn 0.2041 -0.9687 0.1413
vn -0.2064 -0.9654 0.1597
vn -0.6842 -0.5505 0.4784
vn -0.0016 -0.9711 0.2385
vn 0.0022 -0.5944 0.8042
vn 0.0028 -0.9910 0.1338
vn 0.0112 -0.8932 0.4496
vn 0.1305 -0.9882 0.0798
vn 0.4285 -0.8641 0.2642
vn 0.0114 -0.6039 0.7970
vn 0.0032 -0.9753 0.2208
vn -0.0001 -0.9715 0.2372
vn -0.0000 -0.5986 0.8011
vn -0.2689 -0.9632 0.0005
vn -0.7748 -0.3243 0.5427
vn -0.2867 -0.4310 0.8556
vn -0.7254 -0.3441 0.5961
vn -0.9044 -0.3743 0.2047
vn -0.5483 -0.8241 0.1422
vn -0.1783 -0.9730 0.1465
vn -0.1812 -0.8629 0.4718
vn -0.5041 -0.7578 0.4143
vn 0.0004 -0.0005 1.0000
vn -0.0010 -0.4346 0.9006
vn 0.0004 0.0011 1.0000
vn -0.0032 0.0075 1.0000
vn -0.4795 -0.7467 0.4610
vn -0.4930 -0.7701 0.4049
vn -0.8222 -0.0000 0.5692
vn 0.4651 -0.7546 0.4629
vn 0.8244 0.0028 0.5660
vn 0.4643 -0.7534 0.4657
vn 0.7871 -0.2669 0.5561
vn -0.0002 -0.8520 0.5236
vn 0.0005 -0.8547 0.5191
vn -0.3773 -0.9207 0.0997
vn 0.0012 -0.9998 0.0178
vn 0.2867 0.4310 -0.8556
vn 0.7254 0.3441 -0.5961
vn 0.9044 0.3743 -0.2047
vn 0.5483 0.8241 -0.1422
vn 0.1783 0.9730 -0.1465
vn 0.1812 0.8629 -0.4718
vn 0.5041 0.7578 -0.4143
vn 0.0002 0.8519 -0.5236
vn 0.0010 0.4345 -0.9007
vn -0.0012 0.9998 -0.0180
vn 0.0033 -0.0076 -1.0000
vn -0.0027 1.0000 -0.0006
vn -0.0016 0.9971 -0.0756
vn 0.0083 0.8652 -0.5014
vn 0.0035 0.4365 -0.8997
vn -0.0033 -0.0051 -1.0000
vn 0.0051 0.9999 -0.0098
vn 0.5093 -0.3620 0.7808
vn 0.2253 -0.8102 0.5411
vn 0.1947 -0.2699 0.9430
vn -0.2065 -0.2682 0.9410
vn -0.2325 -0.8146 0.5313
vn -0.5142 -0.3589 0.7790
vn -0.2268 -0.4519 0.8628
vn -0.6222 -0.4264 0.6565
vn -0.1567 -0.9485 0.2753
vn 0.2570 -0.4241 0.8684
vn 0.1708 -0.9402 0.2947
vn 0.6418 -0.4053 0.6510
vn 0.1504 -0.8449 0.5133
vn 0.3760 -0.7901 0.4841
vn 0.3006 -0.0005 0.9537
vn 0.6687 -0.0009 0.7435
vn -0.2437 -0.4316 0.8685
vn -0.5606 -0.3917 0.7296
vn -0.1400 -0.8710 0.4710
vn -0.3406 -0.8289 0.4438
vn -0.3889 -0.7854 0.4816
vn -0.1540 -0.8439 0.5139
vn -0.2036 -0.9791 0.0006
vn -0.0816 -0.9967 0.0002
vn -0.1127 -0.9846 0.1338
vn -0.2710 -0.9557 0.1148
vn 0.0773 -0.9970 0.0001
vn 0.2004 -0.9797 0.0003
vn 0.1287 -0.8445 0.5199
vn 0.3277 -0.8048 0.4949
vn 0.2922 -0.4134 0.8624
vn 0.6376 -0.3325 0.6949
vn 0.6839 0.0072 0.7296
vn 0.3243 0.0095 0.9459
vn -0.3022 -0.0011 0.9533
vn -0.6656 -0.0009 0.7463
vn -0.6619 -0.0000 0.7496
vn -0.2935 -0.0000 0.9560
vn -0.6832 -0.5562 0.4731
vn -0.2041 -0.9687 0.1413
vn 0.2064 -0.9654 0.1597
vn 0.6842 -0.5505 0.4784
vn 0.0016 -0.9711 0.2385
vn -0.0022 -0.5944 0.8042
vn -0.0028 -0.9910 0.1338
vn -0.0112 -0.8932 0.4496
vn -0.1305 -0.9882 0.0798
vn -0.4285 -0.8641 0.2642
vn -0.0114 -0.6039 0.7970
vn -0.0032 -0.9753 0.2208
vn 0.0001 -0.9715 0.2372
vn 0.8819 -0.0000 -0.4714
vn -0.6344 -0.0000 0.7730
vn -0.0980 -0.0000 -0.9952
vn 0.0980 -0.0000 0.9952
vn 0.2903 -0.0000 0.9569
vn -0.6344 -0.0000 -0.7730
vn -0.8819 -0.0000 -0.4714
vn -0.7730 -0.0000 -0.6344
vn -0.4714 -0.0000 -0.8819
vn 0.8819 -0.0000 0.4714
vn 0.9952 -0.0000 0.0980
vn -0.2903 -0.0000 -0.9569
vn 0.7730 -0.0000 -0.6344
vn -0.4714 -0.0000 0.8819
vn 0.6344 -0.0000 -0.7730
vn -0.8819 -0.0000 0.4714
vn 0.9569 -0.0000 0.2903
vn 0.4714 -0.0000 0.8819
vn -0.2903 -0.0000 0.9569
vn -0.0980 -0.0000 0.9952
vn 0.7730 -0.0000 0.6344
vn 0.9952 -0.0000 -0.0980
vn -0.9952 -0.0000 -0.0980
vn -0.9952 -0.0000 0.0980
vn 0.9569 -0.0000 -0.2903
vn 0.6344 -0.0000 0.7730
vn -0.7730 -0.0000 0.6344
vn -0.9569 -0.0000 -0.2903
vn -0.9569 -0.0000 0.2903
vn 0.0980 -0.0000 -0.9952
vn 0.2903 -0.0000 -0.9569
vn 0.4714 -0.0000 -0.8819
vt 0.000000 0.000000
vt 1.000000 0.000000
vt 1.000000 1.000000
vt 0.000000 1.000000
vt 0.650992 1.000000
vt 0.233139 1.000000
vt 0.233139 0.000000
vt 0.650992 0.000000
vt 1.000000 0.606912
vt 0.000000 0.606913
vt 0.250000 0.550000
vt 0.273750 0.550000
vt 0.273750 0.600000
vt 0.250000 0.600000
vt 0.287010 0.550000
vt 0.287008 0.600000
vt 0.276049 0.600000
vt 0.276039 0.550000
vt 0.328855 0.512614
vt 0.363332 0.512614
vt 0.363332 0.550000
vt 0.328855 0.550000
vt 0.290060 0.600000
vt 0.323065 0.600000
vt 0.323065 0.625000
vt 0.290060 0.625000
vt 0.325259 0.550000
vt 0.325245 0.512158
vt 0.327481 0.512614
vt 0.327478 0.550000
vt 0.328855 0.600000
vt 0.363332 0.600000
vt 0.363332 0.625000
vt 0.328855 0.625000
vt 0.401770 0.437802
vt 0.403384 0.449184
vt 0.323140 0.500253
vt 0.250000 0.511781
vt 0.273750 0.511781
vt 0.403491 0.488332
vt 0.403491 0.494158
vt 0.375000 0.493912
vt 0.375000 0.488332
vt 0.403491 0.506315
vt 0.389866 0.506582
vt 0.403491 0.512614
vt 0.389264 0.512614
vt 0.369158 0.512614
vt 0.368912 0.506582
vt 0.363332 0.506315
vt 0.363332 0.500000
vt 0.368912 0.500000
vt 0.371927 0.506582
vt 0.467830 0.512614
vt 0.467830 0.506315
vt 0.467830 0.494158
vt 0.500000 0.488332
vt 0.467830 0.488332
vt 0.470882 0.488332
vt 0.369166 0.550000
vt 0.389245 0.550000
vt 0.403491 0.550000
vt 0.331616 0.506308
vt 0.403491 0.451251
vt 0.464778 0.451251
vt 0.369166 0.600000
vt 0.369166 0.625000
vt 0.389245 0.600000
vt 0.389245 0.625000
vt 0.403491 0.600000
vt 0.403491 0.625000
vt 0.273750 0.625000
vt 0.250000 0.625000
vt 0.327476 0.600000
vt 0.327476 0.625000
vt 0.325259 0.625000
vt 0.325259 0.600000
vt 0.250000 0.505895
vt 0.273750 0.505899
vt 0.375000 0.451251
vt 0.290060 0.550000
vt 0.323065 0.550000
vt 0.401771 0.414375
vt 0.470431 0.414375
vt 0.470431 0.435625
vt 0.401771 0.435625
vt 0.290060 0.510365
vt 0.323065 0.510333
vt 0.375000 0.398750
vt 0.375000 0.375000
vt 0.401701 0.375000
vt 0.401790 0.398750
vt 0.470363 0.414375
vt 0.500000 0.413125
vt 0.500000 0.436875
vt 0.470363 0.435625
vt 0.463999 0.375000
vt 0.464019 0.398750
vt 0.326251 0.500000
vt 0.287013 0.509988
vt 0.276022 0.511671
vt 0.275995 0.506238
vt 0.396804 0.441128
vt 0.330165 0.495467
vt 0.370236 0.454448
vt 0.327971 0.494901
vt 0.334437 0.501389
vt 0.371332 0.454739
vt 0.464148 0.437680
vt 0.464780 0.449185
vt 0.401861 0.437731
vt 0.287007 0.625000
vt 0.276053 0.625000
vt 0.397231 0.377807
vt 0.401903 0.412259
vt 0.401793 0.400943
vt 0.464005 0.400933
vt 0.464092 0.412325
vt 0.402162 0.410162
vt 0.293015 0.503135
vt 0.376956 0.400959
vt 0.467830 0.600000
vt 0.467830 0.625000
vt 0.467257 0.413125
vt 0.467257 0.436875
vt 0.503420 0.436875
vt 0.503420 0.413125
vt 0.500000 0.506315
vt 0.500000 0.494158
vt 0.500000 0.512614
vt 0.402021 0.412252
vt 0.470363 0.413125
vt 0.470363 0.413125
vt 0.250000 0.500000
vt 0.273750 0.500000
vt 0.375000 0.448065
vt 0.375000 0.415060
vt 0.467830 0.550000
vt 0.331887 0.507097
vt 0.371303 0.454701
vt 0.470356 0.435310
vt 0.467325 0.439975
vt 0.467820 0.486616
vt 0.467828 0.486777
vt 0.467796 0.450807
vt 0.287013 0.510823
vt 0.276022 0.519618
vt 0.500000 0.550000
vt 0.500000 0.600000
vt 0.467241 0.410087
vt 0.467244 0.411980
vt 0.467104 0.400277
vt 0.467077 0.378038
vt 0.500000 0.625000
vt 0.275000 0.600000
vt 0.275000 0.550000
vt 0.327721 0.550000
vt 0.346518 0.555178
vt 0.346584 0.554597
vt 0.346780 0.554039
vt 0.347098 0.553525
vt 0.347527 0.553074
vt 0.348049 0.552704
vt 0.348645 0.552429
vt 0.349291 0.552260
vt 0.349964 0.552202
vt 0.350636 0.552260
vt 0.351282 0.552429
vt 0.351878 0.552704
vt 0.352400 0.553074
vt 0.352829 0.553525
vt 0.353147 0.554039
vt 0.353343 0.554597
vt 0.353410 0.555178
vt 0.327721 0.512614
vt 0.325000 0.500000
vt 0.330554 0.506308
vt 0.403491 0.450000
vt 0.375000 0.450000
vt 0.327721 0.600000
vt 0.327721 0.625000
vt 0.346517 0.614558
vt 0.346584 0.613978
vt 0.346780 0.613420
vt 0.347098 0.612905
vt 0.347527 0.612455
vt 0.348049 0.612085
vt 0.348645 0.611810
vt 0.349291 0.611640
vt 0.349964 0.611583
vt 0.350636 0.611640
vt 0.351282 0.611810
vt 0.351878 0.612085
vt 0.352400 0.612455
vt 0.352829 0.612905
vt 0.353147 0.613420
vt 0.353343 0.613978
vt 0.353410 0.614559
vt 0.275000 0.625000
vt 0.275000 0.511781
vt 0.275000 0.505899
vt 0.275000 0.500000
vt 0.375000 0.400000
vt 0.401794 0.400000
vt 0.500000 0.493966
vt 0.500000 0.493716
vt 0.500000 0.507105
vt 0.503360 0.506315
vt 0.503360 0.494158
vt 0.467062 0.375000
vt 0.467092 0.400000
vt 0.467830 0.450000
vt 0.500000 0.488332
vt 0.500000 0.436133
vt 0.500000 0.488579
vt 0.503403 0.436875
vt 0.503378 0.488332
vt 0.500000 0.514102
vt 0.500000 0.412752
vt 0.500000 0.436512
vt 0.500000 0.506669
vt 0.496580 0.413125
vt 0.500000 0.493937
vt 0.500000 0.506944
vt 0.503360 0.488332
vt 0.500000 0.436334
vt 0.500000 0.506689
vt 0.500000 0.488101
vt 0.467241 0.411863
vt 0.467238 0.412969
vt 0.467213 0.413125
vt 0.467257 0.412418
vt 0.467267 0.437801
vt 0.467266 0.437270
vt 0.467313 0.438157
vt 0.467320 0.438157
vt 0.464778 0.450000
vt 0.467422 0.450023
vt 0.467830 0.450916
vt 0.467872 0.449405
vt 0.464845 0.450000
vt 0.467804 0.449405
vt 0.467091 0.399083
vt 0.466674 0.399992
vt 0.464065 0.400000
vt 0.467100 0.400645
vt 0.499982 0.511875
vt 0.500000 0.512244
vt 0.325000 0.600000
vt 0.325000 0.550000
vt 0.375027 0.413125
vt 0.401529 0.413125
vt 0.400746 0.414002
vt 0.288238 0.510270
vt 0.401771 0.413125
vt 0.288125 0.550000
vt 0.288125 0.510481
vt 0.288125 0.600000
vt 0.375229 0.450000
vt 0.325631 0.499598
vt 0.375016 0.449992
vt 0.401651 0.436934
vt 0.325000 0.511599
vt 0.325000 0.625000
vt 0.288125 0.625000
vt 0.327842 0.512343
vt 0.275000 0.511514
vt 0.401827 0.400000
vt 0.376109 0.400000
vt 0.275000 0.520399
vt 0.275000 0.600000
vt 0.464812 0.450000
vt 0.403516 0.450000
vt 0.467316 0.438157
vt 0.467838 0.449405
vt 0.467062 0.375000
vt 0.467830 0.487738
vt 0.467829 0.488213
vt 0.500000 0.488523
vt 0.290447 0.522489
vt 0.291244 0.522424
vt 0.292011 0.522231
vt 0.292717 0.521919
vt 0.293337 0.521499
vt 0.293845 0.520987
vt 0.294223 0.520404
vt 0.294455 0.519770
vt 0.294534 0.519111
vt 0.294455 0.518452
vt 0.294223 0.517819
vt 0.293845 0.517235
vt 0.293337 0.516723
vt 0.292717 0.516303
vt 0.292011 0.515991
vt 0.291244 0.515798
vt 0.290447 0.515734
vt 0.298193 0.625000
vt 0.298163 0.624776
vt 0.297930 0.624217
vt 0.297553 0.623703
vt 0.297044 0.623252
vt 0.296425 0.622882
vt 0.295718 0.622607
vt 0.294952 0.622438
vt 0.294154 0.622381
vt 0.293357 0.622438
vt 0.292590 0.622607
vt 0.291884 0.622882
vt 0.291265 0.623252
vt 0.290756 0.623703
vt 0.290379 0.624217
vt 0.290146 0.624776
vt 0.290116 0.625000
vt 0.275000 0.585265
vt 0.250000 0.585265
vt 0.297446 0.600000
vt 0.297446 0.585265
vt 0.275000 0.609544
vt 0.297446 0.609544
vt 0.263949 0.585265
vt 0.263949 0.600000
vt 0.290068 0.624644
vt 0.290146 0.624063
vt 0.290379 0.623505
vt 0.290756 0.622991
vt 0.291265 0.622540
vt 0.291884 0.622170
vt 0.292590 0.621895
vt 0.293357 0.621726
vt 0.294154 0.621669
vt 0.294952 0.621726
vt 0.295718 0.621895
vt 0.296425 0.622170
vt 0.297044 0.622540
vt 0.297553 0.622991
vt 0.297930 0.623505
vt 0.298163 0.624063
vt 0.298241 0.624644
vt 0.250000 0.609544
vt 0.263949 0.609544
vt 0.353343 0.615139
vt 0.353147 0.615697
vt 0.352829 0.616212
vt 0.352400 0.616663
vt 0.351878 0.617032
vt 0.351282 0.617307
vt 0.350636 0.617477
vt 0.349964 0.617534
vt 0.349291 0.617477
vt 0.348645 0.617307
vt 0.348049 0.617032
vt 0.347527 0.616662
vt 0.347098 0.616212
vt 0.346780 0.615697
vt 0.346584 0.615139
vt 0.346584 0.555758
vt 0.353343 0.555758
vt 0.353147 0.556317
vt 0.352829 0.556831
vt 0.352400 0.557282
vt 0.351878 0.557652
vt 0.351282 0.557927
vt 0.350636 0.558096
vt 0.349964 0.558153
vt 0.349291 0.558096
vt 0.348645 0.557927
vt 0.348049 0.557652
vt 0.347527 0.557282
vt 0.347098 0.556831
vt 0.346780 0.556317
vt 0.289650 0.515798
vt 0.288883 0.515991
vt 0.288176 0.516303
vt 0.287557 0.516723
vt 0.287049 0.517235
vt 0.286671 0.517819
vt 0.286438 0.518452
vt 0.286360 0.519111
vt 0.286438 0.519770
vt 0.286671 0.520404
vt 0.287049 0.520988
vt 0.287557 0.521499
vt 0.288176 0.521919
vt 0.288883 0.522231
vt 0.289649 0.522424
s 0
f 2/1/1 3/1/1 4/1/1 5/1/1 6/1/1 7/1/1 8/1/1 9/1/1 10/1/1 11/1/1 12/1/1 13/1/1 14/1/1 15/1/1 16/1/1 17/1/1 18/1/1 19/1/1 20/1/1 21/1/1 22/1/1 23/1/1 24/1/1 25/1/1 26/1/1 27/1/1 28/1/1 29/1/1 30/1/1 31/1/1 32/1/1 1/1/1
f 34/1/1 35/1/1 36/1/1 37/1/1 38/1/1 39/1/1 40/1/1 41/1/1 42/1/1 43/1/1 44/1/1 45/1/1 46/1/1 47/1/1 48/1/1 49/1/1 50/1/1 51/1/1 52/1/1 53/1/1 54/1/1 55/1/1 56/1/1 57/1/1 58/1/1 59/1/1 60/1/1 61/1/1 62/1/1 63/1/1 64/1/1 33/1/1
f 66/1/1 67/1/1 68/1/1 69/1/1 70/1/1 71/1/1 72/1/1 73/1/1 74/1/1 75/1/1 76/1/1 77/1/1 78/1/1 79/1/1 80/1/1 81/1/1 82/1/1 83/1/1 84/1/1 85/1/1 86/1/1 87/1/1 88/1/1 89/1/1 90/1/1 91/1/1 92/1/1 93/1/1 94/1/1 95/1/1 96/1/1 65/1/1
f 98/1/1 99/1/1 100/1/1 101/1/1 102/1/1 103/1/1 104/1/1 105/1/1 106/1/1 107/1/1 108/1/1 109/1/1 110/1/1 111/1/1 112/1/1 113/1/1 114/1/1 115/1/1 116/1/1 117/1/1 118/1/1 119/1/1 120/1/1 121/1/1 122/1/1 123/1/1 124/1/1 125/1/1 126/1/1 127/1/1 128/1/1 97/1/1
f 129/1/1 130/2/1 132/3/1 131/4/1
f 132/3/2 1013/3/2 1014/5/2 1015/6/2 1016/4/2 131/4/2
f 129/1/3 1017/1/3 1020/7/3 1019/8/3 1018/2/3 130/2/3
f 130/2/4 1018/2/4 1021/9/4 1013/3/4 132/3/4
f 131/4/5 1016/4/5 1022/10/5 1017/1/5 129/1/5
f 133/11/6 244/12/6 265/13/6 134/14/6
f 253/15/7 268/16/7 264/17/7 243/18/7
f 297/19/6 137/20/6 152/21/6 292/22/6
f 267/23/6 247/24/6 285/25/6 289/26/6
f 250/27/8 273/28/8 298/29/8 291/30/8
f 294/31/6 147/32/6 156/33/6 301/34/6
f 256/35/9 270/36/9 277/37/9
f 161/38/6 304/39/6 244/12/6
f 135/40/10 138/41/10 140/42/10 139/43/10
f 138/41/11 142/44/11 143/45/11 140/42/11
f 136/46/12 141/47/12 143/45/12 142/44/12
f 141/47/13 145/48/13 146/49/13 143/45/13
f 137/20/14 144/50/14 146/49/14 145/48/14
f 144/50/15 139/51/15 140/52/15 146/49/15
f 140/52/16 143/53/16 146/49/16
f 164/54/17 136/46/17 142/44/17 165/55/17
f 165/55/18 142/44/18 138/41/18 166/56/18
f 175/57/19 330/58/19 350/59/19 179/57/19
f 152/21/20 137/20/20 145/48/20 154/60/20
f 154/60/21 145/48/21 141/47/21 153/61/21
f 153/61/22 141/47/22 136/46/22 151/62/22
f 137/20/23 297/19/23 279/63/23 144/50/23
f 271/64/2 332/65/2 330/58/2 135/40/2
f 156/33/24 147/32/24 149/66/24 157/67/24
f 157/67/21 149/66/21 150/68/21 158/69/21
f 158/69/25 150/68/25 148/70/25 159/71/25
f 147/32/24 152/21/24 154/60/24 149/66/24
f 149/66/21 154/60/21 153/61/21 150/68/21
f 150/68/25 153/61/25 151/62/25 148/70/25
f 134/14/6 265/13/6 282/72/6 155/73/6
f 295/74/26 300/75/26 286/76/26 246/77/26
f 292/22/6 152/21/6 147/32/6 294/31/6
f 304/39/6 161/38/6 163/78/6 309/79/6
f 139/43/27 276/80/27 271/64/27 135/40/27
f 252/81/6 249/82/6 247/24/6 267/23/6
f 262/83/28 317/84/28 322/85/28 255/86/28
f 258/87/29 274/88/29 249/82/29 252/81/29
f 312/89/30 162/90/30 160/91/30 306/92/30
f 317/93/31 170/94/31 171/95/31 322/96/31
f 160/91/32 340/97/32 342/98/32 306/92/32
f 144/50/33 279/63/33 276/99/33 139/51/33
f 259/100/7 303/101/7 310/102/7
f 256/103/34 277/104/34 273/105/34
f 277/106/35 280/107/35 273/108/35
f 324/109/36 333/110/36 270/36/36 256/111/36
f 268/16/7 288/112/7 283/113/7 264/17/7
f 259/100/37 310/102/37 313/114/37
f 261/115/38 307/116/38 344/117/38 315/118/38
f 261/119/39 259/120/39 313/121/39
f 148/70/4 168/122/4 169/123/4 159/71/4
f 226/124/3 227/125/3 359/126/3 355/127/3
f 173/128/18 165/55/18 166/56/18 174/129/18
f 172/130/17 164/54/17 165/55/17 173/128/17
f 307/116/40 261/131/40 313/121/40
f 170/94/2 317/132/2 352/133/2 180/94/2
f 309/79/41 163/78/41 162/134/41 312/135/41
f 274/136/42 258/137/42 262/83/42 255/86/42
f 151/62/4 167/138/4 168/122/4 148/70/4
f 280/107/43 298/139/43 273/140/43
f 136/46/4 164/54/4 167/138/4 151/62/4
f 174/129/44 166/56/44 330/58/44 175/57/44
f 166/56/44 138/41/44 135/40/44 330/58/44
f 171/95/45 179/57/45 350/59/45 322/141/45
f 323/142/6 349/143/6 329/144/6 334/145/6
f 259/146/7 253/15/7 243/18/7 303/147/7
f 291/30/26 295/74/26 246/77/26 250/27/26
f 164/54/4 172/130/4 176/148/4 167/138/4
f 167/138/4 176/148/4 177/149/4 168/122/4
f 353/150/46 316/151/46 343/152/46 339/153/46
f 168/122/4 177/149/4 178/154/4 169/123/4
f 183/11/1 184/14/1 182/155/1 181/156/1
f 214/157/1 1081/158/1 1061/159/1 1084/160/1 1060/161/1 1069/162/1 1070/163/1 1071/164/1 1056/165/1 1043/166/1 1044/167/1 1059/168/1 1032/169/1 1031/170/1 1038/171/1 1037/172/1 1028/173/1 1027/174/1 205/21/1
f 216/175/1 214/157/1 205/21/1 187/20/1
f 185/40/47 189/43/47 190/42/47 188/41/47
f 188/41/48 190/42/48 193/45/48 192/44/48
f 186/46/49 192/44/49 193/45/49 191/47/49
f 191/47/50 193/45/50 196/49/50 195/48/50
f 187/20/51 195/48/51 196/49/51 194/50/51
f 194/50/52 196/49/52 190/52/52 189/51/52
f 190/52/53 196/49/53 193/53/53
f 228/54/54 229/55/54 192/44/54 186/46/54
f 229/55/55 230/56/55 188/41/55 192/44/55
f 230/56/56 231/58/56 185/40/56 188/41/56
f 205/21/57 207/60/57 195/48/57 187/20/57
f 207/60/58 206/61/58 191/47/58 195/48/58
f 206/61/59 204/62/59 186/46/59 191/47/59
f 194/50/60 189/51/60 198/176/60 199/177/60
f 189/43/61 185/40/61 197/178/61 198/179/61
f 210/33/62 211/67/62 202/66/62 200/32/62
f 211/67/58 212/69/58 203/68/58 202/66/58
f 212/69/63 213/71/63 201/70/63 203/68/63
f 200/32/62 202/66/62 207/60/62 205/21/62
f 202/66/58 203/68/58 206/61/58 207/60/58
f 203/68/63 201/70/63 204/62/63 206/61/63
f 187/20/64 194/50/64 199/177/64 216/175/64
f 215/180/1 217/181/1 1083/182/1 1082/183/1 1076/184/1 1080/185/1 1078/186/1 1073/187/1 1072/188/1 1054/189/1 1050/190/1 1055/191/1 1045/192/1 1041/193/1 1040/194/1 1042/195/1 1030/196/1 1025/197/1 1024/198/1 210/33/1 200/32/1
f 184/14/1 209/73/1 208/199/1 182/155/1
f 218/200/1 220/201/1 225/78/1 223/38/1
f 220/201/65 221/202/65 224/134/65 225/78/65
f 221/203/66 219/204/66 222/91/66 224/90/66
f 201/70/5 213/71/5 235/123/5 234/122/5
f 372/57/1 368/205/1 175/57/1
f 368/206/1 365/207/1 174/129/1
f 366/208/55 369/209/55 230/56/55 229/55/55
f 215/180/67 214/157/67 181/156/67 182/155/67
f 239/124/68 236/210/68 237/211/68 226/124/68
f 222/91/69 219/204/69 237/211/69 236/210/69
f 216/175/67 218/200/67 181/156/67 214/157/67
f 204/62/5 201/70/5 234/122/5 232/138/5
f 197/178/3 185/40/3 231/58/3 233/212/3
f 186/46/5 204/62/5 232/138/5 228/54/5
f 375/213/1 372/57/1 175/57/1
f 358/214/1 375/215/1 171/95/1
f 227/125/1 233/212/1 231/58/1 238/58/1
f 359/216/70 227/125/70 238/58/70 374/217/70
f 223/38/1 183/11/1 181/156/1
f 223/38/1 181/156/1 218/200/1
f 172/130/71 361/130/71 363/218/71 240/148/71 176/148/71
f 232/138/5 234/122/5 241/149/5 240/148/5
f 356/219/1 358/220/1 170/94/1
f 234/122/5 235/123/5 242/154/5 241/149/5
f 215/180/67 182/155/67 208/199/67 217/181/67
f 199/177/72 220/201/72 218/200/72 216/175/72
f 198/176/73 221/202/73 220/201/73 199/177/73
f 197/178/74 219/204/74 221/203/74 198/176/74
f 237/211/75 219/204/75 197/178/75 233/212/75
f 227/125/76 226/124/76 237/211/76 233/212/76
f 177/149/77 241/149/77 242/154/77 178/154/77
f 176/148/77 240/148/77 241/149/77 177/149/77
f 365/221/1 361/130/1 172/130/1
f 362/130/54 366/208/54 229/55/54 228/54/54
f 180/94/1 377/94/1 356/94/1
f 355/127/3 378/222/3 239/124/3 226/124/3
f 170/94/1 180/94/1 356/94/1
f 175/57/1 179/57/1 375/213/1
f 175/57/1 368/223/1 174/129/1
f 173/128/1 174/129/1 365/224/1
f 371/225/78 374/225/78 238/58/78 231/58/78
f 228/54/5 232/138/5 240/148/5 363/218/5 362/130/5
f 170/94/1 358/226/1 171/95/1
f 172/130/1 173/128/1 365/227/1
f 179/57/1 171/95/1 375/228/1
f 369/209/56 371/225/56 231/58/56 230/56/56
f 315/118/79 318/229/79 319/230/79 321/231/79
f 316/151/80 320/124/80 319/230/80 318/229/80
f 317/84/81 321/231/81 319/230/81 320/232/81
f 322/141/82 325/233/82 326/234/82 328/125/82
f 323/142/83 327/235/83 326/234/83 325/233/83
f 324/109/84 328/125/84 326/234/84 327/236/84
f 332/65/85 335/237/85 336/238/85 338/239/85
f 333/110/86 337/240/86 336/238/86 335/241/86
f 334/145/87 338/239/87 336/238/87 337/242/87
f 342/98/88 345/243/88 346/244/88 348/245/88
f 343/152/89 347/246/89 346/244/89 345/243/89
f 344/117/90 348/245/90 346/244/90 347/246/90
f 361/247/1 364/248/1 363/130/1
f 364/248/1 362/130/1 363/130/1
f 250/27/91 246/77/91 248/249/91 251/250/91
f 251/250/92 248/249/92 247/24/92 249/82/92
f 262/83/93 258/137/93 260/251/93 263/252/93
f 263/253/94 260/254/94 259/120/94 261/119/94
f 317/84/95 262/83/95 263/255/95 321/231/95
f 321/231/96 263/255/96 261/115/96 315/118/96
f 258/87/97 252/81/97 254/256/97 260/257/97
f 260/257/98 254/256/98 253/15/98 259/146/98
f 252/81/99 267/23/99 269/258/99 254/256/99
f 254/256/100 269/258/100 268/16/100 253/15/100
f 271/64/101 276/80/101 278/259/101 272/178/101
f 272/178/102 278/260/102 277/37/102 270/36/102
f 276/99/103 279/63/103 281/177/103 278/176/103
f 278/176/104 281/177/104 280/107/104 277/106/104
f 256/103/105 273/105/105 275/261/105 257/262/105
f 257/262/106 275/261/106 274/136/106 255/86/106
f 273/28/107 250/27/107 251/250/107 275/263/107
f 275/263/108 251/250/108 249/82/108 274/88/108
f 246/77/91 286/76/91 287/264/91 248/249/91
f 248/249/92 287/264/92 285/25/92 247/24/92
f 267/23/109 289/26/109 290/265/109 269/258/109
f 269/258/110 290/265/110 288/112/110 268/16/110
f 279/63/111 297/19/111 299/266/111 281/177/111
f 281/177/112 299/266/112 298/139/112 280/107/112
f 292/22/113 294/31/113 296/180/113 293/157/113
f 293/157/114 296/180/114 295/74/114 291/30/114
f 297/19/115 292/22/115 293/157/115 299/175/115
f 299/175/116 293/157/116 291/30/116 298/29/116
f 294/31/117 301/34/117 302/181/117 296/180/117
f 296/180/118 302/181/118 300/75/118 295/74/118
f 304/39/119 309/79/119 311/201/119 305/267/119
f 305/267/120 311/201/120 310/102/120 303/101/120
f 309/79/121 312/135/121 314/202/121 311/201/121
f 311/201/122 314/203/122 313/114/122 310/102/122
f 312/89/123 306/92/123 308/268/123 314/269/123
f 314/269/124 308/268/124 307/116/124 313/121/124
f 244/12/125 304/39/125 305/200/125 245/156/125
f 245/156/126 305/270/126 303/147/126 243/18/126
f 344/117/127 307/116/127 308/268/127 348/245/127
f 348/245/128 308/268/128 306/92/128 342/98/128
f 243/18/129 264/17/129 266/271/129 245/156/129
f 245/156/130 266/271/130 265/13/130 244/12/130
f 282/72/131 265/13/131 266/271/131 284/199/131
f 284/199/132 266/271/132 264/17/132 283/113/132
f 255/86/133 322/85/133 328/125/133 257/262/133
f 257/262/134 328/125/134 324/109/134 256/111/134
f 270/36/135 333/110/135 335/272/135 272/273/135
f 272/273/136 335/272/136 332/65/136 271/64/136
f 333/110/137 324/109/137 327/274/137 337/275/137
f 337/275/138 327/274/138 323/142/138 334/145/138
f 343/152/139 316/151/139 318/229/139 347/246/139
f 347/246/140 318/229/140 315/118/140 344/117/140
f 339/153/141 343/152/141 345/243/141 341/276/141
f 341/276/142 345/243/142 342/98/142 340/97/142
f 334/145/143 329/144/143 331/277/143 338/239/143
f 338/239/144 331/277/144 330/58/144 332/65/144
f 329/144/145 349/143/145 351/278/145 331/277/145
f 331/277/146 351/278/146 350/59/146 330/58/146
f 322/141/147 350/59/147 351/278/147 325/233/147
f 325/233/148 351/278/148 349/143/148 323/142/148
f 316/151/149 353/150/149 354/124/149 320/124/149
f 320/124/150 354/124/150 352/133/150 317/132/150
f 356/94/1 378/94/1 379/94/1 357/94/1
f 357/94/1 379/94/1 377/94/1 355/127/1
f 375/215/1 358/214/1 360/95/1 376/57/1
f 376/57/1 360/95/1 359/216/1 374/217/1
f 372/57/1 375/213/1 376/57/1 373/57/1
f 373/57/1 376/57/1 374/225/1 371/225/1
f 358/220/1 356/219/1 357/94/1 360/95/1
f 360/95/1 357/94/1 355/127/1 359/126/1
f 361/130/1 365/221/1 367/128/1 364/248/1
f 364/248/1 367/128/1 366/208/1 362/130/1
f 365/207/1 368/206/1 370/129/1 367/128/1
f 367/128/1 370/129/1 369/209/1 366/208/1
f 368/205/1 372/57/1 373/279/1 370/129/1
f 370/129/1 373/279/1 371/225/1 369/209/1
f 161/38/6 244/12/6 133/11/6
f 133/11/6 134/14/6 495/13/6 474/12/6
f 483/15/151 473/18/151 494/17/151 498/16/151
f 527/19/6 522/22/6 397/21/6 382/20/6
f 497/23/6 519/26/6 515/25/6 477/24/6
f 480/27/152 521/30/152 528/29/152 503/28/152
f 524/31/6 531/34/6 400/33/6 392/32/6
f 486/35/153 507/37/153 500/36/153
f 161/38/6 474/12/6 534/39/6
f 380/40/154 384/43/154 385/42/154 383/41/154
f 383/41/155 385/42/155 388/45/155 387/44/155
f 381/46/156 387/44/156 388/45/156 386/47/156
f 386/47/157 388/45/157 391/49/157 390/48/157
f 382/20/158 390/48/158 391/49/158 389/50/158
f 389/50/159 391/49/159 385/52/159 384/51/159
f 385/52/160 391/49/160 388/53/160
f 404/54/161 405/55/161 387/44/161 381/46/161
f 405/55/162 406/56/162 383/41/162 387/44/162
f 415/57/163 419/57/163 577/59/163 560/58/163
f 397/21/164 399/60/164 390/48/164 382/20/164
f 399/60/165 398/61/165 386/47/165 390/48/165
f 398/61/166 396/62/166 381/46/166 386/47/166
f 382/20/23 389/50/23 509/63/23 527/19/23
f 501/64/2 380/40/2 560/58/2 562/65/2
f 400/33/167 401/67/167 394/66/167 392/32/167
f 401/67/165 402/69/165 395/68/165 394/66/165
f 402/69/168 403/71/168 393/70/168 395/68/168
f 392/32/167 394/66/167 399/60/167 397/21/167
f 394/66/165 395/68/165 398/61/165 399/60/165
f 395/68/168 393/70/168 396/62/168 398/61/168
f 134/14/6 155/73/6 512/72/6 495/13/6
f 525/74/169 476/77/169 516/76/169 530/75/169
f 522/22/6 524/31/6 392/32/6 397/21/6
f 534/39/6 539/79/6 163/78/6 161/38/6
f 384/43/27 380/40/27 501/64/27 506/80/27
f 482/81/6 497/23/6 477/24/6 479/82/6
f 492/83/170 485/86/170 552/85/170 547/84/170
f 488/87/171 482/81/171 479/82/171 504/88/171
f 542/89/172 536/92/172 160/91/172 162/90/172
f 547/93/173 552/96/173 411/95/173 410/94/173
f 160/91/174 536/92/174 569/98/174 340/97/174
f 389/50/33 384/51/33 506/99/33 509/63/33
f 489/100/151 540/102/151 533/101/151
f 486/103/175 503/105/175 507/104/175
f 507/106/176 503/108/176 510/107/176
f 554/109/177 486/111/177 500/36/177 563/110/177
f 498/16/151 494/17/151 513/113/151 518/112/151
f 489/100/178 543/114/178 540/102/178
f 491/115/179 545/118/179 571/117/179 537/116/179
f 491/119/180 543/121/180 489/120/180
f 393/70/5 403/71/5 409/123/5 408/122/5
f 458/124/3 579/127/3 583/126/3 459/125/3
f 413/128/162 414/129/162 406/56/162 405/55/162
f 412/130/161 413/128/161 405/55/161 404/54/161
f 537/116/181 543/121/181 491/131/181
f 410/94/2 180/94/2 352/133/2 547/132/2
f 539/79/182 542/135/182 162/134/182 163/78/182
f 504/136/183 485/86/183 492/83/183 488/137/183
f 396/62/5 393/70/5 408/122/5 407/138/5
f 510/107/184 503/140/184 528/139/184
f 381/46/5 396/62/5 407/138/5 404/54/5
f 414/129/185 415/57/185 560/58/185 406/56/185
f 406/56/185 560/58/185 380/40/185 383/41/185
f 411/95/186 552/141/186 577/59/186 419/57/186
f 553/142/6 564/145/6 559/144/6 576/143/6
f 489/146/151 533/147/151 473/18/151 483/15/151
f 521/30/169 480/27/169 476/77/169 525/74/169
f 404/54/5 407/138/5 416/148/5 412/130/5
f 407/138/5 408/122/5 417/149/5 416/148/5
f 353/150/187 339/153/187 570/152/187 546/151/187
f 408/122/5 409/123/5 418/154/5 417/149/5
f 183/11/1 420/156/1 421/155/1 184/14/1
f 450/157/1 442/21/1 437/32/1 451/180/1
f 452/175/1 424/20/1 442/21/1 450/157/1
f 422/40/188 425/41/188 427/42/188 426/43/188
f 425/41/189 429/44/189 430/45/189 427/42/189
f 423/46/190 428/47/190 430/45/190 429/44/190
f 428/47/191 432/48/191 433/49/191 430/45/191
f 424/20/192 431/50/192 433/49/192 432/48/192
f 431/50/193 426/51/193 427/52/193 433/49/193
f 427/52/194 430/53/194 433/49/194
f 460/54/195 423/46/195 429/44/195 461/55/195
f 461/55/196 429/44/196 425/41/196 462/56/196
f 462/56/197 425/41/197 422/40/197 463/58/197
f 442/21/198 424/20/198 432/48/198 444/60/198
f 444/60/199 432/48/199 428/47/199 443/61/199
f 443/61/200 428/47/200 423/46/200 441/62/200
f 431/50/60 436/177/60 435/176/60 426/51/60
f 426/43/61 435/179/61 434/178/61 422/40/61
f 446/33/201 437/32/201 439/66/201 447/67/201
f 447/67/199 439/66/199 440/68/199 448/69/199
f 448/69/202 440/68/202 438/70/202 449/71/202
f 437/32/201 442/21/201 444/60/201 439/66/201
f 439/66/199 444/60/199 443/61/199 440/68/199
f 440/68/202 443/61/202 441/62/202 438/70/202
f 424/20/64 452/175/64 436/177/64 431/50/64
f 451/180/1 437/32/1 446/33/1 453/181/1
f 184/14/1 421/155/1 445/199/1 209/73/1
f 454/200/1 223/38/1 225/78/1 456/201/1
f 456/201/203 225/78/203 224/134/203 457/202/203
f 457/203/204 224/90/204 222/91/204 455/204/204
f 438/70/4 466/122/4 467/123/4 449/71/4
f 596/57/1 415/57/1 592/205/1
f 592/206/1 414/129/1 589/207/1
f 590/208/196 461/55/196 462/56/196 593/209/196
f 451/180/205 421/155/205 420/156/205 450/157/205
f 239/124/206 458/124/206 468/211/206 236/210/206
f 222/91/207 236/210/207 468/211/207 455/204/207
f 452/175/205 450/157/205 420/156/205 1103/280/205 1119/281/205 1118/282/205 1117/283/205 1116/284/205 1115/285/205 1134/286/205 1135/287/205 1133/288/205 1131/289/205 1132/290/205 1113/291/205 1114/292/205 1112/293/205 1111/294/205 1110/295/205 1102/296/205 454/200/205
f 441/62/4 464/138/4 466/122/4 438/70/4
f 434/178/3 465/212/3 463/58/3 422/40/3
f 423/46/4 460/54/4 464/138/4 441/62/4
f 599/213/1 415/57/1 596/57/1
f 582/214/1 411/95/1 599/215/1
f 459/125/1 469/58/1 463/58/1 465/212/1
f 583/216/208 598/217/208 469/58/208 459/125/208
f 223/38/1 420/156/1 183/11/1
f 223/38/1 454/200/1 420/156/1
f 412/130/209 416/148/209 470/148/209 587/218/209 585/130/209
f 464/138/4 470/148/4 471/149/4 466/122/4
f 580/219/1 410/94/1 582/220/1
f 466/122/4 471/149/4 472/154/4 467/123/4
f 451/180/205 453/181/205 1145/297/205 1143/298/205 1141/299/205 1142/300/205 1139/301/205 1138/302/205 1140/303/205 1137/304/205 1136/305/205 1120/306/205 1122/307/205 1121/308/205 1123/309/205 1124/310/205 1109/311/205 1107/312/205 1108/313/205 445/199/205 421/155/205
f 436/177/210 452/175/210 454/200/210 456/201/210
f 435/176/211 436/177/211 456/201/211 457/202/211
f 434/178/212 435/176/212 457/203/212 455/204/212
f 468/211/213 465/212/213 434/178/213 455/204/213
f 459/125/214 465/212/214 468/211/214 458/124/214
f 417/149/215 418/154/215 472/154/215 471/149/215
f 416/148/215 417/149/215 471/149/215 470/148/215
f 589/221/1 412/130/1 585/130/1
f 586/130/195 460/54/195 461/55/195 590/208/195
f 180/94/1 580/94/1 377/94/1
f 579/127/3 458/124/3 239/124/3 378/222/3
f 410/94/1 580/94/1 180/94/1
f 415/57/1 599/213/1 419/57/1
f 415/57/1 414/129/1 592/223/1
f 413/128/1 589/224/1 414/129/1
f 595/225/216 463/58/216 469/58/216 598/225/216
f 460/54/4 586/130/4 587/218/4 470/148/4 464/138/4
f 410/94/1 411/95/1 582/226/1
f 412/130/1 589/227/1 413/128/1
f 419/57/1 599/228/1 411/95/1
f 593/209/197 462/56/197 463/58/197 595/225/197
f 545/118/217 551/231/217 549/230/217 548/229/217
f 546/151/218 548/229/218 549/230/218 550/124/218
f 547/84/219 550/232/219 549/230/219 551/231/219
f 552/141/220 558/125/220 556/234/220 555/233/220
f 553/142/221 555/233/221 556/234/221 557/235/221
f 554/109/222 557/236/222 556/234/222 558/125/222
f 562/65/223 568/239/223 566/238/223 565/237/223
f 563/110/224 565/241/224 566/238/224 567/240/224
f 564/145/225 567/242/225 566/238/225 568/239/225
f 569/98/226 575/245/226 573/244/226 572/243/226
f 570/152/227 572/243/227 573/244/227 574/246/227
f 571/117/228 574/246/228 573/244/228 575/245/228
f 585/247/1 587/130/1 588/248/1
f 588/248/1 587/130/1 586/130/1
f 480/27/229 481/250/229 478/249/229 476/77/229
f 481/250/230 479/82/230 477/24/230 478/249/230
f 492/83/231 493/252/231 490/251/231 488/137/231
f 493/253/232 491/119/232 489/120/232 490/254/232
f 547/84/233 551/231/233 493/255/233 492/83/233
f 551/231/234 545/118/234 491/115/234 493/255/234
f 488/87/235 490/257/235 484/256/235 482/81/235
f 490/257/236 489/146/236 483/15/236 484/256/236
f 482/81/237 484/256/237 499/258/237 497/23/237
f 484/256/238 483/15/238 498/16/238 499/258/238
f 501/64/239 502/178/239 508/259/239 506/80/239
f 502/178/240 500/36/240 507/37/240 508/260/240
f 506/99/241 508/176/241 511/177/241 509/63/241
f 508/176/242 507/106/242 510/107/242 511/177/242
f 486/103/243 487/262/243 505/261/243 503/105/243
f 487/262/244 485/86/244 504/136/244 505/261/244
f 503/28/245 505/263/245 481/250/245 480/27/245
f 505/263/246 504/88/246 479/82/246 481/250/246
f 476/77/229 478/249/229 517/264/229 516/76/229
f 478/249/230 477/24/230 515/25/230 517/264/230
f 497/23/247 499/258/247 520/265/247 519/26/247
f 499/258/248 498/16/248 518/112/248 520/265/248
f 509/63/249 511/177/249 529/266/249 527/19/249
f 511/177/250 510/107/250 528/139/250 529/266/250
f 522/22/251 523/157/251 526/180/251 524/31/251
f 523/157/252 521/30/252 525/74/252 526/180/252
f 527/19/253 529/175/253 523/157/253 522/22/253
f 529/175/254 528/29/254 521/30/254 523/157/254
f 524/31/255 526/180/255 532/181/255 531/34/255
f 526/180/256 525/74/256 530/75/256 532/181/256
f 534/39/257 535/267/257 541/201/257 539/79/257
f 535/267/258 533/101/258 540/102/258 541/201/258
f 539/79/259 541/201/259 544/202/259 542/135/259
f 541/201/260 540/102/260 543/114/260 544/203/260
f 542/89/261 544/269/261 538/268/261 536/92/261
f 544/269/262 543/121/262 537/116/262 538/268/262
f 474/12/263 475/156/263 535/200/263 534/39/263
f 475/156/264 473/18/264 533/147/264 535/270/264
f 571/117/265 575/245/265 538/268/265 537/116/265
f 575/245/266 569/98/266 536/92/266 538/268/266
f 473/18/267 475/156/267 496/271/267 494/17/267
f 475/156/268 474/12/268 495/13/268 496/271/268
f 512/72/269 514/199/269 496/271/269 495/13/269
f 514/199/270 513/113/270 494/17/270 496/271/270
f 485/86/271 487/262/271 558/125/271 552/85/271
f 487/262/272 486/111/272 554/109/272 558/125/272
f 500/36/273 502/273/273 565/272/273 563/110/273
f 502/273/274 501/64/274 562/65/274 565/272/274
f 563/110/275 567/275/275 557/274/275 554/109/275
f 567/275/276 564/145/276 553/142/276 557/274/276
f 570/152/277 574/246/277 548/229/277 546/151/277
f 574/246/278 571/117/278 545/118/278 548/229/278
f 339/153/279 341/276/279 572/243/279 570/152/279
f 341/276/280 340/97/280 569/98/280 572/243/280
f 564/145/281 568/239/281 561/277/281 559/144/281
f 568/239/282 562/65/282 560/58/282 561/277/282
f 559/144/283 561/277/283 578/278/283 576/143/283
f 561/277/284 560/58/284 577/59/284 578/278/284
f 552/141/285 555/233/285 578/278/285 577/59/285
f 555/233/286 553/142/286 576/143/286 578/278/286
f 546/151/287 550/124/287 354/124/287 353/150/287
f 550/124/150 547/132/150 352/133/150 354/124/150
f 580/94/1 581/94/1 379/94/1 378/94/1
f 581/94/1 579/127/1 377/94/1 379/94/1
f 599/215/1 600/57/1 584/95/1 582/214/1
f 600/57/1 598/217/1 583/216/1 584/95/1
f 596/57/1 597/57/1 600/57/1 599/213/1
f 597/57/1 595/225/1 598/225/1 600/57/1
f 582/220/1 584/95/1 581/94/1 580/219/1
f 584/95/1 583/126/1 579/127/1 581/94/1
f 585/130/1 588/248/1 591/128/1 589/221/1
f 588/248/1 586/130/1 590/208/1 591/128/1
f 589/207/1 591/128/1 594/129/1 592/206/1
f 591/128/1 590/208/1 593/209/1 594/129/1
f 592/205/1 594/129/1 597/279/1 596/57/1
f 594/129/1 593/209/1 595/225/1 597/279/1
f 161/38/6 133/11/6 474/12/6
f 601/11/6 602/14/6 715/13/6 694/12/6
f 703/15/7 693/18/7 714/17/7 718/16/7
f 738/19/6 733/22/6 620/21/6 605/20/6
f 717/23/6 289/26/6 285/25/6 697/24/6
f 700/27/288 732/30/288 739/29/288 723/28/288
f 735/31/6 301/34/6 156/33/6 615/32/6
f 706/35/289 727/37/289 720/36/289
f 624/38/6 694/12/6 742/39/6
f 603/40/290 607/43/290 608/42/290 606/41/290
f 606/41/291 608/42/291 611/45/291 610/44/291
f 604/46/292 610/44/292 611/45/292 609/47/292
f 609/47/293 611/45/293 614/49/293 613/48/293
f 605/20/294 613/48/294 614/49/294 612/50/294
f 612/50/295 614/49/295 608/52/295 607/51/295
f 608/52/296 614/49/296 611/53/296
f 627/54/195 628/55/195 610/44/195 604/46/195
f 628/55/196 629/56/196 606/41/196 610/44/196
f 637/57/216 640/57/216 788/59/216 768/58/216
f 620/21/20 622/60/20 613/48/20 605/20/20
f 622/60/21 621/61/21 609/47/21 613/48/21
f 621/61/22 619/62/22 604/46/22 609/47/22
f 605/20/297 612/50/297 729/63/297 738/19/297
f 721/64/3 603/40/3 768/58/3 770/65/3
f 156/33/24 157/67/24 617/66/24 615/32/24
f 157/67/21 158/69/21 618/68/21 617/66/21
f 158/69/25 159/71/25 616/70/25 618/68/25
f 615/32/24 617/66/24 622/60/24 620/21/24
f 617/66/21 618/68/21 621/61/21 622/60/21
f 618/68/25 616/70/25 619/62/25 621/61/25
f 602/14/6 155/73/6 282/72/6 715/13/6
f 736/74/26 696/77/26 286/76/26 300/75/26
f 733/22/6 735/31/6 615/32/6 620/21/6
f 742/39/6 747/79/6 626/78/6 624/38/6
f 607/43/298 603/40/298 721/64/298 726/80/298
f 702/81/6 717/23/6 697/24/6 699/82/6
f 712/83/299 705/86/299 760/85/299 755/84/299
f 708/87/29 702/81/29 699/82/29 724/88/29
f 750/89/300 744/92/300 623/91/300 625/90/300
f 755/93/301 760/96/301 633/95/301 632/94/301
f 623/91/302 744/92/302 780/98/302 778/97/302
f 612/50/303 607/51/303 726/99/303 729/63/303
f 709/100/7 748/102/7 741/101/7
f 706/103/304 723/105/304 727/104/304
f 727/106/305 723/108/305 730/107/305
f 762/109/306 706/111/306 720/36/306 771/110/306
f 718/16/7 714/17/7 283/113/7 288/112/7
f 709/100/307 751/114/307 748/102/307
f 711/115/308 753/118/308 782/117/308 745/116/308
f 711/119/309 751/121/309 709/120/309
f 616/70/4 159/71/4 169/123/4 631/122/4
f 678/124/2 793/127/2 797/126/2 679/125/2
f 635/128/196 636/129/196 629/56/196 628/55/196
f 634/130/195 635/128/195 628/55/195 627/54/195
f 745/116/310 751/121/310 711/131/310
f 632/94/3 641/94/3 790/133/3 755/132/3
f 747/79/311 750/135/311 625/134/311 626/78/311
f 724/136/312 705/86/312 712/83/312 708/137/312
f 619/62/4 616/70/4 631/122/4 630/138/4
f 730/107/313 723/140/313 739/139/313
f 604/46/4 619/62/4 630/138/4 627/54/4
f 636/129/197 637/57/197 768/58/197 629/56/197
f 629/56/197 768/58/197 603/40/197 606/41/197
f 633/95/208 760/141/208 788/59/208 640/57/208
f 761/142/6 772/145/6 767/144/6 787/143/6
f 709/146/7 741/147/7 693/18/7 703/15/7
f 732/30/26 700/27/26 696/77/26 736/74/26
f 627/54/4 630/138/4 638/148/4 634/130/4
f 630/138/4 631/122/4 639/149/4 638/148/4
f 791/150/314 777/153/314 781/152/314 754/151/314
f 631/122/4 169/123/4 178/154/4 639/149/4
f 643/11/1 642/156/1 1019/314/1 1020/315/1
f 667/157/1 664/21/1 659/32/1 668/180/1
f 669/175/1 646/20/1 664/21/1 667/157/1
f 644/40/315 647/41/315 649/42/315 648/43/315
f 647/41/316 651/44/316 652/45/316 649/42/316
f 645/46/317 650/47/317 652/45/317 651/44/317
f 650/47/318 654/48/318 655/49/318 652/45/318
f 646/20/319 653/50/319 655/49/319 654/48/319
f 653/50/320 648/51/320 649/52/320 655/49/320
f 649/52/321 652/53/321 655/49/321
f 680/54/161 645/46/161 651/44/161 681/55/161
f 681/55/162 651/44/162 647/41/162 682/56/162
f 682/56/185 647/41/185 644/40/185 683/58/185
f 664/21/57 646/20/57 654/48/57 666/60/57
f 666/60/58 654/48/58 650/47/58 665/61/58
f 665/61/59 650/47/59 645/46/59 663/62/59
f 653/50/322 658/177/322 657/176/322 648/51/322
f 648/43/323 657/179/323 656/178/323 644/40/323
f 210/33/62 659/32/62 661/66/62 211/67/62
f 211/67/58 661/66/58 662/68/58 212/69/58
f 212/69/63 662/68/63 660/70/63 213/71/63
f 659/32/62 664/21/62 666/60/62 661/66/62
f 661/66/58 666/60/58 665/61/58 662/68/58
f 662/68/63 665/61/63 663/62/63 660/70/63
f 646/20/324 669/175/324 658/177/324 653/50/324
f 668/180/1 659/32/1 210/33/1 217/181/1
f 670/200/1 675/38/1 677/78/1 672/201/1
f 672/201/325 677/78/325 676/134/325 673/202/325
f 673/203/326 676/90/326 674/91/326 671/204/326
f 660/70/5 686/122/5 235/123/5 213/71/5
f 810/57/1 637/57/1 806/205/1
f 806/206/1 636/129/1 803/207/1
f 804/208/162 681/55/162 682/56/162 807/209/162
f 668/180/67 1021/316/67 1018/317/67 1019/314/67 642/156/67 667/157/67
f 690/124/327 678/124/327 688/211/327 687/210/327
f 674/91/328 687/210/328 688/211/328 671/204/328
f 669/175/67 667/157/67 642/156/67 670/200/67
f 663/62/5 684/138/5 686/122/5 660/70/5
f 656/178/2 685/212/2 683/58/2 644/40/2
f 645/46/5 680/54/5 684/138/5 663/62/5
f 813/213/1 637/57/1 810/57/1
f 796/214/1 633/95/1 813/215/1
f 679/125/1 689/58/1 683/58/1 685/212/1
f 797/216/186 812/217/186 689/58/186 679/125/186
f 675/38/1 642/156/1 643/11/1
f 675/38/1 670/200/1 642/156/1
f 634/130/329 638/148/329 691/148/329 801/218/329 799/130/329
f 684/138/5 691/148/5 692/149/5 686/122/5
f 794/219/1 632/94/1 796/220/1
f 686/122/5 692/149/5 242/154/5 235/123/5
f 668/180/67 217/181/67 208/199/67 1014/318/67 1013/319/67 1021/316/67
f 658/177/330 669/175/330 670/200/330 672/201/330
f 657/176/331 658/177/331 672/201/331 673/202/331
f 656/178/332 657/176/332 673/203/332 671/204/332
f 688/211/333 685/212/333 656/178/333 671/204/333
f 679/125/334 685/212/334 688/211/334 678/124/334
f 639/149/77 178/154/77 242/154/77 692/149/77
f 638/148/77 639/149/77 692/149/77 691/148/77
f 803/221/1 634/130/1 799/130/1
f 800/130/161 680/54/161 681/55/161 804/208/161
f 641/94/1 794/94/1 815/94/1
f 793/127/2 678/124/2 690/124/2 816/222/2
f 632/94/1 794/94/1 641/94/1
f 637/57/1 813/213/1 640/57/1
f 637/57/1 636/129/1 806/223/1
f 635/128/1 803/224/1 636/129/1
f 809/225/163 683/58/163 689/58/163 812/225/163
f 680/54/5 800/130/5 801/218/5 691/148/5 684/138/5
f 632/94/1 633/95/1 796/226/1
f 634/130/1 803/227/1 635/128/1
f 640/57/1 813/228/1 633/95/1
f 807/209/185 682/56/185 683/58/185 809/225/185
f 753/118/335 759/231/335 757/230/335 756/229/335
f 754/151/336 756/229/336 757/230/336 758/124/336
f 755/84/337 758/232/337 757/230/337 759/231/337
f 760/141/338 766/125/338 764/234/338 763/233/338
f 761/142/339 763/233/339 764/234/339 765/235/339
f 762/109/340 765/236/340 764/234/340 766/125/340
f 770/65/341 776/239/341 774/238/341 773/237/341
f 771/110/342 773/241/342 774/238/342 775/240/342
f 772/145/343 775/242/343 774/238/343 776/239/343
f 780/98/344 786/245/344 784/244/344 783/243/344
f 781/152/345 783/243/345 784/244/345 785/246/345
f 782/117/346 785/246/346 784/244/346 786/245/346
f 799/247/1 801/130/1 802/248/1
f 802/248/1 801/130/1 800/130/1
f 700/27/91 701/250/91 698/249/91 696/77/91
f 701/250/92 699/82/92 697/24/92 698/249/92
f 712/83/347 713/252/347 710/251/347 708/137/347
f 713/253/348 711/119/348 709/120/348 710/254/348
f 755/84/349 759/231/349 713/255/349 712/83/349
f 759/231/350 753/118/350 711/115/350 713/255/350
f 708/87/97 710/257/97 704/256/97 702/81/97
f 710/257/98 709/146/98 703/15/98 704/256/98
f 702/81/99 704/256/99 719/258/99 717/23/99
f 704/256/100 703/15/100 718/16/100 719/258/100
f 721/64/351 722/178/351 728/259/351 726/80/351
f 722/178/352 720/36/352 727/37/352 728/260/352
f 726/99/353 728/176/353 731/177/353 729/63/353
f 728/176/354 727/106/354 730/107/354 731/177/354
f 706/103/355 707/262/355 725/261/355 723/105/355
f 707/262/356 705/86/356 724/136/356 725/261/356
f 723/28/357 725/263/357 701/250/357 700/27/357
f 725/263/358 724/88/358 699/82/358 701/250/358
f 696/77/91 698/249/91 287/264/91 286/76/91
f 698/249/92 697/24/92 285/25/92 287/264/92
f 717/23/109 719/258/109 290/265/109 289/26/109
f 719/258/110 718/16/110 288/112/110 290/265/110
f 729/63/359 731/177/359 740/266/359 738/19/359
f 731/177/360 730/107/360 739/139/360 740/266/360
f 733/22/113 734/157/113 737/180/113 735/31/113
f 734/157/114 732/30/114 736/74/114 737/180/114
f 738/19/115 740/175/115 734/157/115 733/22/115
f 740/175/116 739/29/116 732/30/116 734/157/116
f 735/31/117 737/180/117 302/181/117 301/34/117
f 737/180/118 736/74/118 300/75/118 302/181/118
f 742/39/361 743/267/361 749/201/361 747/79/361
f 743/267/362 741/101/362 748/102/362 749/201/362
f 747/79/363 749/201/363 752/202/363 750/135/363
f 749/201/364 748/102/364 751/114/364 752/203/364
f 750/89/365 752/269/365 746/268/365 744/92/365
f 752/269/366 751/121/366 745/116/366 746/268/366
f 694/12/125 695/156/125 743/200/125 742/39/125
f 695/156/126 693/18/126 741/147/126 743/270/126
f 782/117/367 786/245/367 746/268/367 745/116/367
f 786/245/368 780/98/368 744/92/368 746/268/368
f 693/18/129 695/156/129 716/271/129 714/17/129
f 695/156/130 694/12/130 715/13/130 716/271/130
f 282/72/131 284/199/131 716/271/131 715/13/131
f 284/199/132 283/113/132 714/17/132 716/271/132
f 705/86/369 707/262/369 766/125/369 760/85/369
f 707/262/370 706/111/370 762/109/370 766/125/370
f 720/36/371 722/273/371 773/272/371 771/110/371
f 722/273/372 721/64/372 770/65/372 773/272/372
f 771/110/373 775/275/373 765/274/373 762/109/373
f 775/275/374 772/145/374 761/142/374 765/274/374
f 781/152/375 785/246/375 756/229/375 754/151/375
f 785/246/376 782/117/376 753/118/376 756/229/376
f 777/153/377 779/276/377 783/243/377 781/152/377
f 779/276/378 778/97/378 780/98/378 783/243/378
f 772/145/379 776/239/379 769/277/379 767/144/379
f 776/239/380 770/65/380 768/58/380 769/277/380
f 767/144/381 769/277/381 789/278/381 787/143/381
f 769/277/382 768/58/382 788/59/382 789/278/382
f 760/141/383 763/233/383 789/278/383 788/59/383
f 763/233/384 761/142/384 787/143/384 789/278/384
f 754/151/385 758/124/385 792/124/385 791/150/385
f 758/124/386 755/132/386 790/133/386 792/124/386
f 794/94/1 795/94/1 817/94/1 816/94/1
f 795/94/1 793/127/1 815/94/1 817/94/1
f 813/215/1 814/57/1 798/95/1 796/214/1
f 814/57/1 812/217/1 797/216/1 798/95/1
f 810/57/1 811/57/1 814/57/1 813/213/1
f 811/57/1 809/225/1 812/225/1 814/57/1
f 796/220/1 798/95/1 795/94/1 794/219/1
f 798/95/1 797/126/1 793/127/1 795/94/1
f 799/130/1 802/248/1 805/128/1 803/221/1
f 802/248/1 800/130/1 804/208/1 805/128/1
f 803/207/1 805/128/1 808/129/1 806/206/1
f 805/128/1 804/208/1 807/209/1 808/129/1
f 806/205/1 808/129/1 811/279/1 810/57/1
f 808/129/1 807/209/1 809/225/1 811/279/1
f 624/38/6 601/11/6 694/12/6
f 601/11/6 898/12/6 919/13/6 602/14/6
f 907/15/151 922/16/151 918/17/151 897/18/151
f 942/19/6 820/20/6 835/21/6 937/22/6
f 921/23/6 901/24/6 515/25/6 519/26/6
f 904/27/387 927/28/387 943/29/387 936/30/387
f 939/31/6 830/32/6 400/33/6 531/34/6
f 910/35/388 924/36/388 931/37/388
f 624/38/6 946/39/6 898/12/6
f 818/40/389 821/41/389 823/42/389 822/43/389
f 821/41/390 825/44/390 826/45/390 823/42/390
f 819/46/391 824/47/391 826/45/391 825/44/391
f 824/47/392 828/48/392 829/49/392 826/45/392
f 820/20/393 827/50/393 829/49/393 828/48/393
f 827/50/394 822/51/394 823/52/394 829/49/394
f 823/52/395 826/53/395 829/49/395
f 838/54/54 819/46/54 825/44/54 839/55/54
f 839/55/55 825/44/55 821/41/55 840/56/55
f 848/57/78 972/58/78 989/59/78 851/57/78
f 835/21/164 820/20/164 828/48/164 837/60/164
f 837/60/165 828/48/165 824/47/165 836/61/165
f 836/61/166 824/47/166 819/46/166 834/62/166
f 820/20/297 942/19/297 933/63/297 827/50/297
f 925/64/3 974/65/3 972/58/3 818/40/3
f 400/33/167 830/32/167 832/66/167 401/67/167
f 401/67/165 832/66/165 833/68/165 402/69/165
f 402/69/168 833/68/168 831/70/168 403/71/168
f 830/32/167 835/21/167 837/60/167 832/66/167
f 832/66/165 837/60/165 836/61/165 833/68/165
f 833/68/168 836/61/168 834/62/168 831/70/168
f 602/14/6 919/13/6 512/72/6 155/73/6
f 940/74/169 530/75/169 516/76/169 900/77/169
f 937/22/6 835/21/6 830/32/6 939/31/6
f 946/39/6 624/38/6 626/78/6 951/79/6
f 822/43/298 930/80/298 925/64/298 818/40/298
f 906/81/6 903/82/6 901/24/6 921/23/6
f 916/83/396 959/84/396 964/85/396 909/86/396
f 912/87/171 928/88/171 903/82/171 906/81/171
f 954/89/397 625/90/397 623/91/397 948/92/397
f 959/93/398 843/94/398 844/95/398 964/96/398
f 623/91/399 778/97/399 981/98/399 948/92/399
f 827/50/303 933/63/303 930/99/303 822/51/303
f 913/100/151 945/101/151 952/102/151
f 910/103/400 931/104/400 927/105/400
f 931/106/401 934/107/401 927/108/401
f 966/109/402 975/110/402 924/36/402 910/111/402
f 922/16/151 518/112/151 513/113/151 918/17/151
f 913/100/403 952/102/403 955/114/403
f 915/115/404 949/116/404 983/117/404 957/118/404
f 915/119/405 913/120/405 955/121/405
f 831/70/5 842/122/5 409/123/5 403/71/5
f 884/124/2 885/125/2 995/126/2 991/127/2
f 846/128/55 839/55/55 840/56/55 847/129/55
f 845/130/54 838/54/54 839/55/54 846/128/54
f 949/116/406 915/131/406 955/121/406
f 843/94/3 959/132/3 790/133/3 641/94/3
f 951/79/407 626/78/407 625/134/407 954/135/407
f 928/136/408 912/137/408 916/83/408 909/86/408
f 834/62/5 841/138/5 842/122/5 831/70/5
f 934/107/409 943/139/409 927/140/409
f 819/46/5 838/54/5 841/138/5 834/62/5
f 847/129/56 840/56/56 972/58/56 848/57/56
f 840/56/56 821/41/56 818/40/56 972/58/56
f 844/95/70 851/57/70 989/59/70 964/141/70
f 965/142/6 988/143/6 971/144/6 976/145/6
f 913/146/151 907/15/151 897/18/151 945/147/151
f 936/30/169 940/74/169 900/77/169 904/27/169
f 838/54/5 845/130/5 849/148/5 841/138/5
f 841/138/5 849/148/5 850/149/5 842/122/5
f 791/150/410 958/151/410 982/152/410 777/153/410
f 842/122/5 850/149/5 418/154/5 409/123/5
f 643/11/1 1020/315/1 1017/320/1 1022/321/1 853/155/1 852/156/1
f 877/157/1 878/180/1 869/32/1 874/21/1
f 879/175/1 877/157/1 874/21/1 856/20/1
f 854/40/411 858/43/411 859/42/411 857/41/411
f 857/41/412 859/42/412 862/45/412 861/44/412
f 855/46/413 861/44/413 862/45/413 860/47/413
f 860/47/414 862/45/414 865/49/414 864/48/414
f 856/20/415 864/48/415 865/49/415 863/50/415
f 863/50/416 865/49/416 859/52/416 858/51/416
f 859/52/417 865/49/417 862/53/417
f 886/54/17 887/55/17 861/44/17 855/46/17
f 887/55/18 888/56/18 857/41/18 861/44/18
f 888/56/44 889/58/44 854/40/44 857/41/44
f 874/21/198 876/60/198 864/48/198 856/20/198
f 876/60/199 875/61/199 860/47/199 864/48/199
f 875/61/200 873/62/200 855/46/200 860/47/200
f 863/50/322 858/51/322 867/176/322 868/177/322
f 858/43/323 854/40/323 866/178/323 867/179/323
f 446/33/201 447/67/201 871/66/201 869/32/201
f 447/67/199 448/69/199 872/68/199 871/66/199
f 448/69/202 449/71/202 870/70/202 872/68/202
f 869/32/201 871/66/201 876/60/201 874/21/201
f 871/66/199 872/68/199 875/61/199 876/60/199
f 872/68/202 870/70/202 873/62/202 875/61/202
f 856/20/324 863/50/324 868/177/324 879/175/324
f 878/180/1 453/181/1 446/33/1 869/32/1
f 880/200/1 882/201/1 677/78/1 675/38/1
f 882/201/418 883/202/418 676/134/418 677/78/418
f 883/203/419 881/204/419 674/91/419 676/90/419
f 870/70/4 449/71/4 467/123/4 892/122/4
f 1008/57/1 1004/205/1 848/57/1
f 1004/206/1 1001/207/1 847/129/1
f 1002/208/18 1005/209/18 888/56/18 887/55/18
f 878/180/205 877/157/205 852/156/205 853/155/205
f 690/124/420 687/210/420 893/211/420 884/124/420
f 674/91/421 881/204/421 893/211/421 687/210/421
f 879/175/205 880/200/205 852/156/205 877/157/205
f 873/62/4 870/70/4 892/122/4 890/138/4
f 866/178/2 854/40/2 889/58/2 891/212/2
f 855/46/4 873/62/4 890/138/4 886/54/4
f 1011/213/1 1008/57/1 848/57/1
f 994/214/1 1011/215/1 844/95/1
f 885/125/1 891/212/1 889/58/1 894/58/1
f 995/216/45 885/125/45 894/58/45 1010/217/45
f 675/38/1 643/11/1 852/156/1
f 675/38/1 852/156/1 880/200/1
f 845/130/422 997/130/422 999/218/422 895/148/422 849/148/422
f 890/138/4 892/122/4 896/149/4 895/148/4
f 992/219/1 994/220/1 843/94/1
f 892/122/4 467/123/4 472/154/4 896/149/4
f 878/180/205 853/155/205 445/199/205 1108/313/205 1106/322/205 1105/323/205 1104/324/205 1126/325/205 1125/326/205 1127/327/205 1128/328/205 1129/329/205 1130/330/205 1151/331/205 1152/332/205 1150/333/205 1149/334/205 1148/335/205 1147/336/205 1144/337/205 1146/338/205 1145/297/205 453/181/205
f 868/177/423 882/201/423 880/200/423 879/175/423
f 867/176/424 883/202/424 882/201/424 868/177/424
f 866/178/425 881/204/425 883/203/425 867/176/425
f 893/211/426 881/204/426 866/178/426 891/212/426
f 885/125/427 884/124/427 893/211/427 891/212/427
f 850/149/215 896/149/215 472/154/215 418/154/215
f 849/148/215 895/148/215 896/149/215 850/149/215
f 1001/221/1 997/130/1 845/130/1
f 998/130/17 1002/208/17 887/55/17 886/54/17
f 641/94/1 815/94/1 992/94/1
f 991/127/2 816/222/2 690/124/2 884/124/2
f 843/94/1 641/94/1 992/94/1
f 848/57/1 851/57/1 1011/213/1
f 848/57/1 1004/223/1 847/129/1
f 846/128/1 847/129/1 1001/224/1
f 1007/225/19 1010/225/19 894/58/19 889/58/19
f 886/54/4 890/138/4 895/148/4 999/218/4 998/130/4
f 843/94/1 994/226/1 844/95/1
f 845/130/1 846/128/1 1001/227/1
f 851/57/1 844/95/1 1011/228/1
f 1005/209/44 1007/225/44 889/58/44 888/56/44
f 957/118/428 960/229/428 961/230/428 963/231/428
f 958/151/429 962/124/429 961/230/429 960/229/429
f 959/84/430 963/231/430 961/230/430 962/232/430
f 964/141/431 967/233/431 968/234/431 970/125/431
f 965/142/432 969/235/432 968/234/432 967/233/432
f 966/109/433 970/125/433 968/234/433 969/236/433
f 974/65/434 977/237/434 978/238/434 980/239/434
f 975/110/435 979/240/435 978/238/435 977/241/435
f 976/145/436 980/239/436 978/238/436 979/242/436
f 981/98/437 984/243/437 985/244/437 987/245/437
f 982/152/438 986/246/438 985/244/438 984/243/438
f 983/117/439 987/245/439 985/244/439 986/246/439
f 997/247/1 1000/248/1 999/130/1
f 1000/248/1 998/130/1 999/130/1
f 904/27/229 900/77/229 902/249/229 905/250/229
f 905/250/230 902/249/230 901/24/230 903/82/230
f 916/83/440 912/137/440 914/251/440 917/252/440
f 917/253/441 914/254/441 913/120/441 915/119/441
f 959/84/442 916/83/442 917/255/442 963/231/442
f 963/231/443 917/255/443 915/115/443 957/118/443
f 912/87/235 906/81/235 908/256/235 914/257/235
f 914/257/236 908/256/236 907/15/236 913/146/236
f 906/81/237 921/23/237 923/258/237 908/256/237
f 908/256/238 923/258/238 922/16/238 907/15/238
f 925/64/444 930/80/444 932/259/444 926/178/444
f 926/178/445 932/260/445 931/37/445 924/36/445
f 930/99/446 933/63/446 935/177/446 932/176/446
f 932/176/447 935/177/447 934/107/447 931/106/447
f 910/103/448 927/105/448 929/261/448 911/262/448
f 911/262/449 929/261/449 928/136/449 909/86/449
f 927/28/450 904/27/450 905/250/450 929/263/450
f 929/263/451 905/250/451 903/82/451 928/88/451
f 900/77/229 516/76/229 517/264/229 902/249/229
f 902/249/230 517/264/230 515/25/230 901/24/230
f 921/23/247 519/26/247 520/265/247 923/258/247
f 923/258/248 520/265/248 518/112/248 922/16/248
f 933/63/452 942/19/452 944/266/452 935/177/452
f 935/177/453 944/266/453 943/139/453 934/107/453
f 937/22/251 939/31/251 941/180/251 938/157/251
f 938/157/252 941/180/252 940/74/252 936/30/252
f 942/19/253 937/22/253 938/157/253 944/175/253
f 944/175/254 938/157/254 936/30/254 943/29/254
f 939/31/255 531/34/255 532/181/255 941/180/255
f 941/180/256 532/181/256 530/75/256 940/74/256
f 946/39/454 951/79/454 953/201/454 947/267/454
f 947/267/455 953/201/455 952/102/455 945/101/455
f 951/79/456 954/135/456 956/202/456 953/201/456
f 953/201/457 956/203/457 955/114/457 952/102/457
f 954/89/458 948/92/458 950/268/458 956/269/458
f 956/269/459 950/268/459 949/116/459 955/121/459
f 898/12/263 946/39/263 947/200/263 899/156/263
f 899/156/264 947/270/264 945/147/264 897/18/264
f 983/117/460 949/116/460 950/268/460 987/245/460
f 987/245/461 950/268/461 948/92/461 981/98/461
f 897/18/267 918/17/267 920/271/267 899/156/267
f 899/156/268 920/271/268 919/13/268 898/12/268
f 512/72/269 919/13/269 920/271/269 514/199/269
f 514/199/270 920/271/270 918/17/270 513/113/270
f 909/86/462 964/85/462 970/125/462 911/262/462
f 911/262/463 970/125/463 966/109/463 910/111/463
f 924/36/464 975/110/464 977/272/464 926/273/464
f 926/273/465 977/272/465 974/65/465 925/64/465
f 975/110/466 966/109/466 969/274/466 979/275/466
f 979/275/467 969/274/467 965/142/467 976/145/467
f 982/152/468 958/151/468 960/229/468 986/246/468
f 986/246/469 960/229/469 957/118/469 983/117/469
f 777/153/470 982/152/470 984/243/470 779/276/470
f 779/276/471 984/243/471 981/98/471 778/97/471
f 976/145/472 971/144/472 973/277/472 980/239/472
f 980/239/473 973/277/473 972/58/473 974/65/473
f 971/144/474 988/143/474 990/278/474 973/277/474
f 973/277/475 990/278/475 989/59/475 972/58/475
f 964/141/476 989/59/476 990/278/476 967/233/476
f 967/233/477 990/278/477 988/143/477 965/142/477
f 958/151/478 791/150/478 792/124/478 962/124/478
f 962/124/386 792/124/386 790/133/386 959/132/386
f 992/94/1 816/94/1 817/94/1 993/94/1
f 993/94/1 817/94/1 815/94/1 991/127/1
f 1011/215/1 994/214/1 996/95/1 1012/57/1
f 1012/57/1 996/95/1 995/216/1 1010/217/1
f 1008/57/1 1011/213/1 1012/57/1 1009/57/1
f 1009/57/1 1012/57/1 1010/225/1 1007/225/1
f 994/220/1 992/219/1 993/94/1 996/95/1
f 996/95/1 993/94/1 991/127/1 995/126/1
f 997/130/1 1001/221/1 1003/128/1 1000/248/1
f 1000/248/1 1003/128/1 1002/208/1 998/130/1
f 1001/207/1 1004/206/1 1006/129/1 1003/128/1
f 1003/128/1 1006/129/1 1005/209/1 1002/208/1
f 1004/205/1 1008/57/1 1009/279/1 1006/129/1
f 1006/129/1 1009/279/1 1007/225/1 1005/209/1
f 624/38/6 898/12/6 601/11/6
f 1015/339/1 209/73/1 445/199/1 853/155/1 1022/321/1 1016/340/1
f 1014/318/1 208/199/1 209/73/1 1015/339/1
f 1109/1/479 1124/1/479 12/1/479 11/1/479
f 1086/1/480 1062/1/480 94/1/480 93/1/480
f 1102/1/481 1110/1/481 114/1/481 113/1/481
f 1051/1/482 1057/1/482 34/1/482 33/1/482
f 1049/1/483 1047/1/483 67/1/483 66/1/483
f 1073/1/484 1078/1/484 53/1/484 52/1/484
f 1142/1/485 1141/1/485 23/1/485 22/1/485
f 217/181/1 210/33/1 1024/198/1 1023/341/1 1029/342/1 1033/343/1 1036/344/1 1046/345/1 1058/346/1 1057/347/1 1051/348/1 1068/349/1 1077/350/1 1079/351/1 1065/352/1 1067/353/1 1085/354/1 1075/355/1 1083/182/1
f 1139/1/486 1142/1/486 22/1/486 21/1/486
f 1140/1/487 1138/1/487 20/1/487 19/1/487
f 1126/1/488 1104/1/488 7/1/488 6/1/488
f 1043/1/481 1056/1/481 82/1/481 81/1/481
f 1089/1/489 1088/1/489 105/1/489 104/1/489
f 1037/1/479 1038/1/479 76/1/479 75/1/479
f 1149/1/480 1150/1/480 30/1/480 29/1/480
f 1137/1/490 1140/1/490 19/1/490 18/1/490
f 1124/1/491 1123/1/491 13/1/491 12/1/491
f 1079/1/492 1077/1/492 63/1/492 62/1/492
f 1138/1/484 1139/1/484 21/1/484 20/1/484
f 1040/1/493 1041/1/493 46/1/493 45/1/493
f 1134/1/494 1115/1/494 124/1/494 123/1/494
f 1111/1/487 1112/1/487 116/1/487 115/1/487
f 1050/1/481 1054/1/481 50/1/481 49/1/481
f 1029/1/495 1023/1/495 40/1/495 39/1/495
f 1047/1/496 1048/1/496 68/1/496 67/1/496
f 1077/1/497 1068/1/497 64/1/497 63/1/497
f 1074/356/1 1081/158/1 214/157/1 215/180/1 200/32/1 205/21/1 1027/174/1 1026/357/1 1039/358/1 1034/359/1 1035/360/1 1048/361/1 1047/362/1 1049/363/1 1052/364/1 1053/365/1 1063/366/1 1062/367/1 1086/368/1 1064/369/1 1066/370/1
f 1031/1/493 1032/1/493 78/1/493 77/1/493
f 1151/1/498 1130/1/498 1/1/498 32/1/498
f 1056/1/490 1071/1/490 83/1/490 82/1/490
f 1125/1/499 1126/1/499 6/1/499 5/1/499
f 1093/1/499 1094/1/499 102/1/499 101/1/499
f 1113/1/485 1132/1/485 119/1/485 118/1/485
f 1095/1/493 1098/1/493 110/1/493 109/1/493
f 1026/1/489 1027/1/489 73/1/489 72/1/489
f 1024/1/500 1025/1/500 42/1/500 41/1/500
f 1082/1/501 1083/1/501 57/1/501 56/1/501
f 1058/1/496 1046/1/496 36/1/496 35/1/496
f 1146/1/502 1144/1/502 26/1/502 25/1/502
f 1034/1/488 1039/1/488 71/1/488 70/1/488
f 1133/1/502 1135/1/502 122/1/502 121/1/502
f 1150/1/492 1152/1/492 31/1/492 30/1/492
f 1143/1/501 1145/1/501 1146/1/501 25/1/501 24/1/501
f 1042/1/491 1040/1/491 45/1/491 44/1/491
f 1070/1/484 1069/1/484 85/1/484 84/1/484
f 1039/1/495 1026/1/495 72/1/495 71/1/495
f 1107/1/503 1109/1/503 11/1/503 10/1/503
f 1046/1/504 1036/1/504 37/1/504 36/1/504
f 1025/1/503 1030/1/503 43/1/503 42/1/503
f 1033/1/488 1029/1/488 39/1/488 38/1/488
f 1097/1/496 1096/1/496 100/1/496 99/1/496
f 1067/1/505 1065/1/505 61/1/505 60/1/505
f 1132/1/506 1131/1/506 120/1/506 119/1/506
f 1030/1/479 1042/1/479 44/1/479 43/1/479
f 1072/1/487 1073/1/487 52/1/487 51/1/487
f 1144/1/507 1147/1/507 27/1/507 26/1/507
f 1131/1/501 1133/1/501 121/1/501 120/1/501
f 1101/1/483 1097/1/483 99/1/483 98/1/483
f 1052/1/482 1049/1/482 66/1/482 65/1/482
f 1027/1/500 1028/1/500 74/1/500 73/1/500
f 1120/1/508 1136/1/508 17/1/508 16/1/508
f 1094/1/488 1090/1/488 103/1/488 102/1/488
f 1044/1/508 1043/1/508 81/1/508 80/1/508
f 1090/1/495 1089/1/495 104/1/495 103/1/495
f 1045/1/509 1055/1/509 48/1/509 47/1/509
f 1076/1/506 1082/1/506 56/1/506 55/1/506
f 1054/1/490 1072/1/490 51/1/490 50/1/490
f 1100/1/509 1099/1/509 112/1/509 111/1/509
f 1036/1/499 1033/1/499 38/1/499 37/1/499
f 1104/1/495 1105/1/495 8/1/495 7/1/495
f 1063/1/497 1053/1/497 96/1/497 95/1/497
f 1074/1/507 1066/1/507 91/1/507 90/1/507
f 1118/1/497 1119/1/497 128/1/497 127/1/497
f 1032/1/510 1059/1/510 79/1/510 78/1/510
f 1127/1/504 1125/1/504 5/1/504 4/1/504
f 1071/1/487 1070/1/487 84/1/487 83/1/487
f 1088/1/500 1087/1/500 106/1/500 105/1/500
f 1128/1/496 1127/1/496 4/1/496 3/1/496
f 1060/1/485 1084/1/485 87/1/485 86/1/485
f 1096/1/504 1093/1/504 101/1/504 100/1/504
f 1068/1/498 1051/1/498 33/1/498 64/1/498
f 1064/1/505 1086/1/505 93/1/505 92/1/505
f 1103/1/482 1101/1/482 98/1/482 97/1/482
f 1117/1/492 1118/1/492 127/1/492 126/1/492
f 1081/1/502 1074/1/502 90/1/502 89/1/502
f 1035/1/499 1034/1/499 70/1/499 69/1/499
f 1148/1/505 1149/1/505 29/1/505 28/1/505
f 1123/1/493 1121/1/493 14/1/493 13/1/493
f 1055/1/508 1050/1/508 49/1/508 48/1/508
f 1136/1/481 1137/1/481 18/1/481 17/1/481
f 1129/1/483 1128/1/483 3/1/483 2/1/483
f 1091/1/479 1092/1/479 108/1/479 107/1/479
f 1106/1/500 1108/1/500 1107/1/500 10/1/500 9/1/500
f 1110/1/490 1111/1/490 115/1/490 114/1/490
f 1053/1/498 1052/1/498 65/1/498 96/1/498
f 1038/1/491 1031/1/491 77/1/491 76/1/491
f 1116/1/480 1117/1/480 126/1/480 125/1/480
f 1112/1/484 1114/1/484 117/1/484 116/1/484
f 1105/1/489 1106/1/489 9/1/489 8/1/489
f 1065/1/480 1079/1/480 62/1/480 61/1/480
f 1121/1/510 1122/1/510 15/1/510 14/1/510
f 1085/1/494 1067/1/494 60/1/494 59/1/494
f 1059/1/509 1044/1/509 80/1/509 79/1/509
f 1098/1/510 1100/1/510 111/1/510 110/1/510
f 1041/1/510 1045/1/510 47/1/510 46/1/510
f 1075/1/507 1085/1/507 59/1/507 58/1/507
f 1028/1/503 1037/1/503 75/1/503 74/1/503
f 1130/1/482 1129/1/482 2/1/482 1/1/482
f 1057/1/483 1058/1/483 35/1/483 34/1/483
f 1115/1/505 1116/1/505 125/1/505 124/1/505
f 1114/1/486 1113/1/486 118/1/486 117/1/486
f 1023/1/489 1024/1/489 41/1/489 40/1/489
f 1083/1/502 1075/1/502 58/1/502 57/1/502
f 1135/1/507 1134/1/507 123/1/507 122/1/507
f 1141/1/506 1143/1/506 24/1/506 23/1/506
f 1122/1/509 1120/1/509 16/1/509 15/1/509
f 1087/1/503 1091/1/503 107/1/503 106/1/503
f 420/156/205 454/200/205 1102/296/205 1099/371/205 1100/372/205 1098/373/205 1095/374/205 1092/375/205 1091/376/205 1087/377/205 1088/378/205 1089/379/205 1090/380/205 1094/381/205 1093/382/205 1096/383/205 1097/384/205 1101/385/205 1103/280/205
f 1152/1/497 1151/1/497 32/1/497 31/1/497
f 1069/1/486 1060/1/486 86/1/486 85/1/486
f 1078/1/486 1080/1/486 54/1/486 53/1/486
f 1147/1/494 1148/1/494 28/1/494 27/1/494
f 1061/1/501 1081/1/501 89/1/501 88/1/501
f 1084/1/506 1061/1/506 88/1/506 87/1/506
f 1092/1/491 1095/1/491 109/1/491 108/1/491
f 1119/1/498 1103/1/498 97/1/498 128/1/498
f 1066/1/494 1064/1/494 92/1/494 91/1/494
f 1062/1/492 1063/1/492 95/1/492 94/1/492
f 1080/1/485 1076/1/485 55/1/485 54/1/485
f 1099/1/508 1102/1/508 113/1/508 112/1/508
f 1048/1/504 1035/1/504 69/1/504 68/1/504
